0.00000e+00,0.00000e+00,2.56923e+06,0.00000e+00,0.00000e+00
8.00000e-04,2.45607e+02,2.56924e+06,6.97595e+00,2.35797e+02
1.60000e-03,4.76396e+02,2.56925e+06,1.57687e+01,4.47128e+02
2.40000e-03,6.90121e+02,2.56926e+06,2.63387e+01,6.34739e+02
3.20000e-03,8.85738e+02,2.56927e+06,3.89227e+01,7.97559e+02
4.00000e-03,1.06299e+03,2.56928e+06,5.36617e+01,9.35012e+02
5.00000e-03,1.25430e+03,2.56930e+06,7.53899e+01,1.06671e+03
6.00000e-03,1.41596e+03,2.56932e+06,1.00039e+02,1.15733e+03
7.00000e-03,1.54592e+03,2.56933e+06,1.26957e+02,1.20619e+03
8.00000e-03,1.64071e+03,2.56934e+06,1.55214e+02,1.21284e+03
9.00000e-03,1.69678e+03,2.56935e+06,1.83621e+02,1.17810e+03
1.00000e-02,1.70692e+03,2.56935e+06,2.10770e+02,1.10017e+03
1.10000e-02,1.66367e+03,2.56936e+06,2.34948e+02,9.78670e+02
1.20000e-02,1.56924e+03,2.56936e+06,2.55128e+02,8.17796e+02
1.30000e-02,1.42913e+03,2.56935e+06,2.69989e+02,6.27741e+02
1.40000e-02,1.25113e+03,2.56935e+06,2.78957e+02,4.17849e+02
1.50000e-02,1.08607e+03,2.56934e+06,2.81893e+02,2.38912e+02
1.60000e-02,1.26397e+03,2.56933e+06,2.79514e+02,4.18355e+02
1.70000e-02,1.44495e+03,2.56932e+06,2.72727e+02,6.13779e+02
1.80000e-02,1.58162e+03,2.56930e+06,2.62767e+02,7.74637e+02
1.90000e-02,1.67122e+03,2.56929e+06,2.50864e+02,8.95304e+02
2.00000e-02,1.71441e+03,2.56928e+06,2.38399e+02,9.73052e+02
2.10000e-02,1.71379e+03,2.56927e+06,2.26282e+02,1.00812e+03
2.20000e-02,1.67340e+03,2.56926e+06,2.15328e+02,1.00261e+03
2.30000e-02,1.59844e+03,2.56925e+06,2.06036e+02,9.60375e+02
2.40000e-02,1.49441e+03,2.56924e+06,1.98588e+02,8.86510e+02
2.50000e-02,1.36860e+03,2.56924e+06,1.93235e+02,7.87228e+02
2.60000e-02,1.22950e+03,2.56924e+06,1.89934e+02,6.70429e+02
2.70000e-02,1.08446e+03,2.56924e+06,1.88380e+02,5.43788e+02
2.80000e-02,9.34497e+02,2.56924e+06,1.88299e+02,4.08647e+02
2.90000e-02,7.85411e+02,2.56924e+06,1.89296e+02,2.71441e+02
3.00000e-02,7.25082e+02,2.56925e+06,1.91087e+02,2.20289e+02
3.10000e-02,8.49075e+02,2.56925e+06,1.93304e+02,3.51329e+02
3.20000e-02,9.65530e+02,2.56926e+06,1.95648e+02,4.73127e+02
3.30000e-02,1.06702e+03,2.56927e+06,1.97874e+02,5.78552e+02
3.40000e-02,1.14878e+03,2.56927e+06,1.99665e+02,6.63784e+02
3.50000e-02,1.20901e+03,2.56928e+06,2.01166e+02,7.25446e+02
3.60000e-02,1.24477e+03,2.56929e+06,2.02197e+02,7.61346e+02
3.70000e-02,1.25655e+03,2.56929e+06,2.02799e+02,7.71722e+02
3.80000e-02,1.24196e+03,2.56930e+06,2.03066e+02,7.53866e+02
3.90000e-02,1.20395e+03,2.56930e+06,2.03164e+02,7.10396e+02
4.00000e-02,1.14517e+03,2.56930e+06,2.03252e+02,6.43880e+02
4.10000e-02,1.06949e+03,2.56930e+06,2.03642e+02,5.57946e+02
4.20000e-02,9.81928e+02,2.56930e+06,2.04487e+02,4.57585e+02
4.30000e-02,8.87737e+02,2.56929e+06,2.06043e+02,3.48072e+02
4.40000e-02,7.94396e+02,2.56929e+06,2.08394e+02,2.37174e+02
4.50000e-02,8.24204e+02,2.56928e+06,2.11594e+02,2.47515e+02
4.60000e-02,9.34241e+02,2.56928e+06,2.15578e+02,3.36655e+02
4.70000e-02,1.04491e+03,2.56927e+06,2.20200e+02,4.25651e+02
4.80000e-02,1.13962e+03,2.56926e+06,2.25139e+02,4.98951e+02
4.90000e-02,1.21528e+03,2.56925e+06,2.30324e+02,5.54034e+02
5.00000e-02,1.26956e+03,2.56925e+06,2.35346e+02,5.89539e+02
5.10000e-02,1.30092e+03,2.56924e+06,2.39945e+02,6.04922e+02
5.20000e-02,1.30897e+03,2.56924e+06,2.43821e+02,6.00732e+02
5.30000e-02,1.29383e+03,2.56923e+06,2.46803e+02,5.78045e+02
5.40000e-02,1.25746e+03,2.56923e+06,2.48725e+02,5.38905e+02
5.50000e-02,1.20201e+03,2.56923e+06,2.49515e+02,4.85781e+02
5.60000e-02,1.13066e+03,2.56923e+06,2.49135e+02,4.21722e+02
5.70000e-02,1.04586e+03,2.56923e+06,2.47440e+02,3.49996e+02
5.80000e-02,9.56677e+02,2.56923e+06,2.44866e+02,2.76612e+02
5.90000e-02,8.82017e+02,2.56923e+06,2.41365e+02,2.21014e+02
6.00000e-02,8.49178e+02,2.56923e+06,2.37127e+02,2.09486e+02
6.10000e-02,8.80737e+02,2.56923e+06,2.32388e+02,2.63539e+02
6.20000e-02,9.14159e+02,2.56924e+06,2.27376e+02,3.19566e+02
6.30000e-02,9.38531e+02,2.56924e+06,2.22276e+02,3.66057e+02
6.40000e-02,9.53165e+02,2.56924e+06,2.17412e+02,4.01244e+02
6.50000e-02,9.57474e+02,2.56925e+06,2.12962e+02,4.24054e+02
6.60000e-02,9.51161e+02,2.56925e+06,2.09042e+02,4.33887e+02
6.70000e-02,9.34542e+02,2.56925e+06,2.05896e+02,4.30649e+02
6.80000e-02,9.08316e+02,2.56926e+06,2.03551e+02,4.14909e+02
6.90000e-02,8.73747e+02,2.56926e+06,2.02080e+02,3.87835e+02
7.00000e-02,8.32496e+02,2.56926e+06,2.01475e+02,3.51112e+02
7.10000e-02,7.86505e+02,2.56926e+06,2.01676e+02,3.06813e+02
7.20000e-02,7.38087e+02,2.56926e+06,2.02622e+02,2.57416e+02
7.30000e-02,6.89816e+02,2.56926e+06,2.04220e+02,2.05683e+02
7.40000e-02,6.64856e+02,2.56925e+06,2.06307e+02,1.75051e+02
7.50000e-02,6.83957e+02,2.56925e+06,2.08765e+02,1.86578e+02
7.60000e-02,7.21151e+02,2.56925e+06,2.11455e+02,2.14684e+02
7.70000e-02,7.66918e+02,2.56925e+06,2.14272e+02,2.50192e+02
7.80000e-02,8.10531e+02,2.56924e+06,2.17133e+02,2.82696e+02
7.90000e-02,8.47706e+02,2.56924e+06,2.19934e+02,3.08249e+02
8.00000e-02,8.76191e+02,2.56924e+06,2.22502e+02,3.25350e+02
8.10000e-02,8.95942e+02,2.56924e+06,2.25015e+02,3.33376e+02
8.20000e-02,9.06371e+02,2.56924e+06,2.27332e+02,3.32529e+02
8.30000e-02,9.08086e+02,2.56923e+06,2.29451e+02,3.23626e+02
8.40000e-02,9.03367e+02,2.56923e+06,2.31380e+02,3.09124e+02
8.50000e-02,8.91542e+02,2.56923e+06,2.33126e+02,2.88400e+02
8.60000e-02,8.76411e+02,2.56923e+06,2.34702e+02,2.65337e+02
8.70000e-02,8.62157e+02,2.56923e+06,2.36061e+02,2.44281e+02
8.80000e-02,8.52970e+02,2.56923e+06,2.37280e+02,2.29423e+02
8.90000e-02,8.49339e+02,2.56924e+06,2.38302e+02,2.21270e+02
9.00000e-02,8.52834e+02,2.56924e+06,2.39187e+02,2.21282e+02
9.10000e-02,8.69063e+02,2.56924e+06,2.39907e+02,2.35073e+02
9.20000e-02,8.92793e+02,2.56924e+06,2.40494e+02,2.57286e+02
9.30000e-02,9.11556e+02,2.56924e+06,2.40945e+02,2.75309e+02
9.40000e-02,9.23535e+02,2.56924e+06,2.41268e+02,2.87187e+02
9.50000e-02,9.28491e+02,2.56925e+06,2.41433e+02,2.92549e+02
9.60000e-02,9.26641e+02,2.56925e+06,2.41549e+02,2.91495e+02
9.70000e-02,9.18616e+02,2.56925e+06,2.41574e+02,2.84469e+02
9.80000e-02,9.05049e+02,2.56925e+06,2.41559e+02,2.71977e+02
9.90000e-02,8.86963e+02,2.56925e+06,2.41496e+02,2.54950e+02
1.00000e-01,8.65435e+02,2.56925e+06,2.41457e+02,2.34368e+02
1.01000e-01,8.46410e+02,2.56925e+06,2.41456e+02,2.16002e+02
1.02000e-01,8.39806e+02,2.56925e+06,2.41516e+02,2.09664e+02
1.03000e-01,8.42064e+02,2.56924e+06,2.41668e+02,2.11671e+02
1.04000e-01,8.49135e+02,2.56924e+06,2.41826e+02,2.18393e+02
1.05000e-01,8.60044e+02,2.56924e+06,2.42244e+02,2.27680e+02
1.06000e-01,8.72766e+02,2.56924e+06,2.42824e+02,2.38030e+02
1.07000e-01,8.87282e+02,2.56924e+06,2.43585e+02,2.49390e+02
1.08000e-01,8.99957e+02,2.56924e+06,2.44549e+02,2.58045e+02
1.09000e-01,9.11341e+02,2.56923e+06,2.45711e+02,2.64476e+02
1.10000e-01,9.20639e+02,2.56923e+06,2.47024e+02,2.68016e+02
1.11000e-01,9.27714e+02,2.56923e+06,2.48546e+02,2.68512e+02
1.12000e-01,9.32959e+02,2.56923e+06,2.50214e+02,2.66492e+02
1.13000e-01,9.37055e+02,2.56923e+06,2.51964e+02,2.62789e+02
1.14000e-01,9.40265e+02,2.56923e+06,2.53842e+02,2.57838e+02
1.15000e-01,9.43424e+02,2.56923e+06,2.55779e+02,2.52594e+02
1.16000e-01,9.47002e+02,2.56923e+06,2.57760e+02,2.47676e+02
1.17000e-01,9.51364e+02,2.56923e+06,2.59736e+02,2.43580e+02
1.18000e-01,9.56713e+02,2.56923e+06,2.61647e+02,2.40692e+02
1.19000e-01,9.63006e+02,2.56923e+06,2.63497e+02,2.39117e+02
1.20000e-01,9.70149e+02,2.56923e+06,2.65285e+02,2.38858e+02
1.21000e-01,9.77858e+02,2.56923e+06,2.66941e+02,2.39746e+02
1.22000e-01,9.85541e+02,2.56923e+06,2.68467e+02,2.41304e+02
1.23000e-01,9.92423e+02,2.56923e+06,2.69861e+02,2.42881e+02
1.24000e-01,9.97908e+02,2.56923e+06,2.71098e+02,2.43944e+02
1.25000e-01,1.00171e+03,2.56923e+06,2.72164e+02,2.44190e+02
1.26000e-01,1.00416e+03,2.56923e+06,2.73074e+02,2.43865e+02
1.27000e-01,1.00526e+03,2.56923e+06,2.73727e+02,2.43520e+02
1.28000e-01,1.00683e+03,2.56923e+06,2.74398e+02,2.43525e+02
1.29000e-01,1.00861e+03,2.56923e+06,2.74960e+02,2.44291e+02
1.30000e-01,1.01090e+03,2.56923e+06,2.75466e+02,2.45946e+02
1.31000e-01,1.01516e+03,2.56922e+06,2.75971e+02,2.49721e+02
1.32000e-01,1.01902e+03,2.56922e+06,2.76499e+02,2.52990e+02
1.33000e-01,1.02353e+03,2.56922e+06,2.77088e+02,2.56651e+02
1.34000e-01,1.02828e+03,2.56922e+06,2.77728e+02,2.60325e+02
1.35000e-01,1.03302e+03,2.56922e+06,2.78521e+02,2.63659e+02
1.36000e-01,1.03772e+03,2.56922e+06,2.79429e+02,2.66536e+02
1.37000e-01,1.04230e+03,2.56922e+06,2.80540e+02,2.68654e+02
1.38000e-01,1.04668e+03,2.56921e+06,2.81935e+02,2.69839e+02
1.39000e-01,1.05807e+03,2.56921e+06,2.90394e+02,2.75277e+02
1.40000e-01,1.08698e+03,2.56921e+06,3.06254e+02,2.83711e+02
1.41000e-01,1.14820e+03,2.56920e+06,3.31901e+02,3.03550e+02
1.42000e-01,1.24002e+03,2.56920e+06,3.67822e+02,3.28641e+02
1.43000e-01,1.34592e+03,2.56920e+06,4.12448e+02,3.53267e+02
1.44000e-01,1.47127e+03,2.56919e+06,4.61733e+02,3.83175e+02
1.45000e-01,1.61380e+03,2.56919e+06,5.14114e+02,4.15339e+02
1.46000e-01,1.77581e+03,2.56919e+06,5.61860e+02,4.73311e+02
1.47000e-01,1.86547e+03,2.56919e+06,6.08852e+02,4.92822e+02
1.48000e-01,1.96470e+03,2.56919e+06,6.57647e+02,5.12890e+02
1.49000e-01,2.07729e+03,2.56918e+06,7.08902e+02,5.36889e+02
1.50000e-01,2.21285e+03,2.56918e+06,7.64241e+02,5.67607e+02
1.51000e-01,2.39335e+03,2.56918e+06,8.24873e+02,6.15222e+02
1.52000e-01,2.57137e+03,2.56918e+06,8.91114e+02,6.65104e+02
1.53000e-01,2.77649e+03,2.56918e+06,9.63026e+02,7.24220e+02
1.54000e-01,3.00195e+03,2.56917e+06,1.03924e+03,7.91012e+02
1.55000e-01,3.25158e+03,2.56917e+06,1.11926e+03,8.64043e+02
1.56000e-01,3.49801e+03,2.56916e+06,1.20314e+03,9.37764e+02
1.57000e-01,3.76101e+03,2.56916e+06,1.29024e+03,1.01444e+03
1.58000e-01,4.02105e+03,2.56916e+06,1.38413e+03,1.08805e+03
1.59000e-01,4.30135e+03,2.56915e+06,1.48406e+03,1.17429e+03
1.60000e-01,4.60328e+03,2.56915e+06,1.58937e+03,1.26997e+03
1.61000e-01,4.90266e+03,2.56914e+06,1.70325e+03,1.36191e+03
1.62000e-01,5.23869e+03,2.56912e+06,1.83126e+03,1.45880e+03
1.63000e-01,5.60544e+03,2.56911e+06,1.97520e+03,1.57408e+03
1.64000e-01,6.00588e+03,2.56909e+06,2.12915e+03,1.69420e+03
1.65000e-01,6.41846e+03,2.56907e+06,2.28719e+03,1.81402e+03
1.66000e-01,6.84218e+03,2.56905e+06,2.44401e+03,1.94280e+03
1.67000e-01,7.25318e+03,2.56904e+06,2.61096e+03,2.06203e+03
1.68000e-01,7.72728e+03,2.56902e+06,2.78959e+03,2.18907e+03
1.69000e-01,8.28230e+03,2.56901e+06,2.97504e+03,2.36746e+03
1.70000e-01,8.84706e+03,2.56900e+06,3.16059e+03,2.49738e+03
1.71000e-01,9.37433e+03,2.56899e+06,3.33767e+03,2.62847e+03
1.72000e-01,9.88577e+03,2.56898e+06,3.50760e+03,2.75850e+03
1.73000e-01,1.04042e+04,2.56897e+06,3.67433e+03,2.88987e+03
1.74000e-01,1.09399e+04,2.56896e+06,3.84313e+03,3.02889e+03
1.75000e-01,1.14958e+04,2.56894e+06,4.01420e+03,3.17456e+03
1.76000e-01,1.20351e+04,2.56893e+06,4.18282e+03,3.33353e+03
1.77000e-01,1.26182e+04,2.56891e+06,4.36283e+03,3.49344e+03
1.78000e-01,1.33530e+04,2.56890e+06,4.56016e+03,3.69038e+03
1.79000e-01,1.40416e+04,2.56888e+06,4.77091e+03,3.87086e+03
1.80000e-01,1.47800e+04,2.56886e+06,4.99360e+03,4.05264e+03
1.81000e-01,1.55114e+04,2.56885e+06,5.22329e+03,4.23007e+03
1.82000e-01,1.61907e+04,2.56883e+06,5.45659e+03,4.36987e+03
1.83000e-01,1.68863e+04,2.56881e+06,5.69107e+03,4.54191e+03
1.84000e-01,1.75835e+04,2.56879e+06,5.92188e+03,4.72661e+03
1.85000e-01,1.82668e+04,2.56877e+06,6.16324e+03,4.90259e+03
1.86000e-01,1.90066e+04,2.56875e+06,6.41541e+03,5.08676e+03
1.87000e-01,2.02616e+04,2.56873e+06,6.68885e+03,5.28105e+03
1.88000e-01,2.11861e+04,2.56871e+06,6.95093e+03,5.47986e+03
1.89000e-01,2.20950e+04,2.56869e+06,7.20058e+03,5.71145e+03
1.90000e-01,2.31147e+04,2.56867e+06,7.45387e+03,5.94937e+03
1.91000e-01,2.39776e+04,2.56865e+06,7.70309e+03,6.17344e+03
1.92000e-01,2.48891e+04,2.56862e+06,7.96672e+03,6.38013e+03
1.93000e-01,2.59044e+04,2.56860e+06,8.24020e+03,6.61292e+03
1.94000e-01,2.69126e+04,2.56857e+06,8.52543e+03,6.84905e+03
1.95000e-01,2.79415e+04,2.56854e+06,8.82078e+03,7.08910e+03
1.96000e-01,2.89604e+04,2.56852e+06,9.12251e+03,7.32539e+03
1.97000e-01,2.99584e+04,2.56849e+06,9.42806e+03,7.56475e+03
1.98000e-01,3.09235e+04,2.56846e+06,9.73467e+03,7.79395e+03
1.99000e-01,3.18937e+04,2.56843e+06,1.00410e+04,8.02473e+03
2.00000e-01,3.28450e+04,2.56840e+06,1.03378e+04,8.25786e+03
2.01000e-01,3.38894e+04,2.56838e+06,1.06452e+04,8.53694e+03
2.02000e-01,3.55769e+04,2.56836e+06,1.10009e+04,8.74342e+03
2.03000e-01,3.72038e+04,2.56833e+06,1.13673e+04,9.01036e+03
2.04000e-01,3.86683e+04,2.56829e+06,1.17302e+04,9.28551e+03
2.05000e-01,3.99895e+04,2.56826e+06,1.20843e+04,9.51635e+03
2.06000e-01,4.13073e+04,2.56822e+06,1.24286e+04,9.77939e+03
2.07000e-01,4.26101e+04,2.56819e+06,1.27574e+04,1.00628e+04
2.08000e-01,4.38497e+04,2.56816e+06,1.30838e+04,1.03167e+04
2.09000e-01,4.50258e+04,2.56813e+06,1.33963e+04,1.06039e+04
2.10000e-01,4.61970e+04,2.56809e+06,1.37226e+04,1.08727e+04
2.11000e-01,4.74615e+04,2.56805e+06,1.40590e+04,1.11532e+04
2.12000e-01,4.87593e+04,2.56801e+06,1.44019e+04,1.14393e+04
2.13000e-01,5.01252e+04,2.56797e+06,1.47437e+04,1.17489e+04
2.14000e-01,5.13678e+04,2.56793e+06,1.51002e+04,1.20198e+04
2.15000e-01,5.25963e+04,2.56789e+06,1.54492e+04,1.23094e+04
2.16000e-01,5.39302e+04,2.56785e+06,1.58199e+04,1.25871e+04
2.17000e-01,5.53120e+04,2.56781e+06,1.62037e+04,1.29074e+04
2.18000e-01,5.72966e+04,2.56778e+06,1.66280e+04,1.31391e+04
2.19000e-01,5.91222e+04,2.56773e+06,1.70542e+04,1.34363e+04
2.20000e-01,6.08419e+04,2.56769e+06,1.74793e+04,1.37218e+04
2.21000e-01,6.25027e+04,2.56764e+06,1.78982e+04,1.40134e+04
2.22000e-01,6.41475e+04,2.56759e+06,1.83080e+04,1.43075e+04
2.23000e-01,6.57686e+04,2.56755e+06,1.86976e+04,1.46127e+04
2.24000e-01,6.71857e+04,2.56750e+06,1.90550e+04,1.49487e+04
2.25000e-01,6.86793e+04,2.56745e+06,1.94493e+04,1.52263e+04
2.26000e-01,7.04170e+04,2.56740e+06,1.98593e+04,1.55549e+04
2.27000e-01,7.23876e+04,2.56735e+06,2.02824e+04,1.58746e+04
2.28000e-01,7.40645e+04,2.56730e+06,2.07162e+04,1.62101e+04
2.29000e-01,7.57169e+04,2.56724e+06,2.11547e+04,1.65071e+04
2.30000e-01,7.74092e+04,2.56718e+06,2.15944e+04,1.68480e+04
2.31000e-01,7.91468e+04,2.56712e+06,2.20337e+04,1.71829e+04
2.32000e-01,8.11936e+04,2.56706e+06,2.24741e+04,1.75385e+04
2.33000e-01,8.29448e+04,2.56700e+06,2.29100e+04,1.78699e+04
2.34000e-01,8.48430e+04,2.56694e+06,2.33503e+04,1.82094e+04
2.35000e-01,8.68354e+04,2.56687e+06,2.37866e+04,1.85692e+04
2.36000e-01,8.87640e+04,2.56681e+06,2.41953e+04,1.88932e+04
2.37000e-01,9.06090e+04,2.56674e+06,2.46226e+04,1.91972e+04
2.38000e-01,9.26106e+04,2.56667e+06,2.50473e+04,1.95376e+04
2.39000e-01,9.45894e+04,2.56660e+06,2.54822e+04,1.98511e+04
2.40000e-01,9.65215e+04,2.56653e+06,2.59013e+04,2.02164e+04
2.41000e-01,9.83891e+04,2.56646e+06,2.63467e+04,2.05203e+04
2.42000e-01,1.00257e+05,2.56640e+06,2.67994e+04,2.08233e+04
2.43000e-01,1.02106e+05,2.56632e+06,2.72586e+04,2.11057e+04
2.44000e-01,1.04005e+05,2.56625e+06,2.77219e+04,2.14274e+04
2.45000e-01,1.05854e+05,2.56618e+06,2.81832e+04,2.17376e+04
2.46000e-01,1.07533e+05,2.56610e+06,2.86255e+04,2.20758e+04
2.47000e-01,1.09273e+05,2.56603e+06,2.90658e+04,2.24145e+04
2.48000e-01,1.11016e+05,2.56595e+06,2.94952e+04,2.27423e+04
2.49000e-01,1.12785e+05,2.56587e+06,2.99265e+04,2.30714e+04
2.50000e-01,1.14598e+05,2.56579e+06,3.03511e+04,2.34308e+04
2.51000e-01,1.17027e+05,2.56571e+06,3.07968e+04,2.37203e+04
2.52000e-01,1.19261e+05,2.56562e+06,3.12339e+04,2.40035e+04
2.53000e-01,1.21547e+05,2.56553e+06,3.16720e+04,2.43231e+04
2.54000e-01,1.23628e+05,2.56545e+06,3.20787e+04,2.47021e+04
2.55000e-01,1.25915e+05,2.56536e+06,3.25282e+04,2.50070e+04
2.56000e-01,1.28356e+05,2.56527e+06,3.29898e+04,2.53224e+04
2.57000e-01,1.30588e+05,2.56519e+06,3.34482e+04,2.56329e+04
2.58000e-01,1.32832e+05,2.56510e+06,3.39140e+04,2.59610e+04
2.59000e-01,1.35316e+05,2.56500e+06,3.43834e+04,2.62601e+04
2.60000e-01,1.37584e+05,2.56491e+06,3.48748e+04,2.65505e+04
2.61000e-01,1.39909e+05,2.56481e+06,3.53767e+04,2.68596e+04
2.62000e-01,1.42258e+05,2.56472e+06,3.58735e+04,2.71982e+04
2.63000e-01,1.44543e+05,2.56461e+06,3.63690e+04,2.75283e+04
2.64000e-01,1.46932e+05,2.56452e+06,3.68564e+04,2.79226e+04
2.65000e-01,1.49072e+05,2.56442e+06,3.73315e+04,2.82864e+04
2.66000e-01,1.51767e+05,2.56432e+06,3.78118e+04,2.86692e+04
2.67000e-01,1.54165e+05,2.56421e+06,3.82907e+04,2.90080e+04
2.68000e-01,1.56514e+05,2.56410e+06,3.87672e+04,2.93596e+04
2.69000e-01,1.58796e+05,2.56399e+06,3.92347e+04,2.97369e+04
2.70000e-01,1.61097e+05,2.56388e+06,3.96861e+04,3.01148e+04
2.71000e-01,1.63243e+05,2.56377e+06,4.01292e+04,3.04709e+04
2.72000e-01,1.65377e+05,2.56365e+06,4.05771e+04,3.07785e+04
2.73000e-01,1.67593e+05,2.56354e+06,4.10239e+04,3.11204e+04
2.74000e-01,1.69405e+05,2.56342e+06,4.14256e+04,3.14894e+04
2.75000e-01,1.71324e+05,2.56331e+06,4.18629e+04,3.17809e+04
2.76000e-01,1.73272e+05,2.56319e+06,4.23066e+04,3.20474e+04
2.77000e-01,1.75205e+05,2.56307e+06,4.27188e+04,3.23917e+04
2.78000e-01,1.77578e+05,2.56295e+06,4.31898e+04,3.27159e+04
2.79000e-01,1.79553e+05,2.56283e+06,4.36305e+04,3.30269e+04
2.80000e-01,1.80672e+05,2.56271e+06,4.40321e+04,3.32868e+04
2.81000e-01,1.82380e+05,2.56259e+06,4.44622e+04,3.36248e+04
2.82000e-01,1.84108e+05,2.56246e+06,4.48945e+04,3.39561e+04
2.83000e-01,1.85944e+05,2.56234e+06,4.53146e+04,3.42682e+04
2.84000e-01,1.87541e+05,2.56221e+06,4.57295e+04,3.45907e+04
2.85000e-01,1.89343e+05,2.56207e+06,4.61450e+04,3.49591e+04
2.86000e-01,1.91186e+05,2.56194e+06,4.65661e+04,3.53172e+04
2.87000e-01,1.93117e+05,2.56180e+06,4.69782e+04,3.57003e+04
2.88000e-01,1.94518e+05,2.56167e+06,4.73552e+04,3.60425e+04
2.89000e-01,1.96195e+05,2.56153e+06,4.77504e+04,3.64007e+04
2.90000e-01,1.97273e+05,2.56139e+06,4.80747e+04,3.67568e+04
2.91000e-01,1.98767e+05,2.56125e+06,4.84632e+04,3.71044e+04
2.92000e-01,2.00312e+05,2.56110e+06,4.88555e+04,3.74313e+04
2.93000e-01,2.01833e+05,2.56096e+06,4.92489e+04,3.77720e+04
2.94000e-01,2.03341e+05,2.56081e+06,4.96359e+04,3.81049e+04
2.95000e-01,2.04854e+05,2.56065e+06,5.00169e+04,3.84176e+04
2.96000e-01,2.06308e+05,2.56050e+06,5.03971e+04,3.87004e+04
2.97000e-01,2.07884e+05,2.56034e+06,5.07757e+04,3.90203e+04
2.98000e-01,2.09190e+05,2.56018e+06,5.11083e+04,3.93211e+04
2.99000e-01,2.10486e+05,2.56002e+06,5.14638e+04,3.95788e+04
3.00000e-01,2.11841e+05,2.55986e+06,5.18145e+04,3.98784e+04
3.01000e-01,2.13322e+05,2.55969e+06,5.21476e+04,4.02362e+04
3.02000e-01,2.14547e+05,2.55953e+06,5.24795e+04,4.05603e+04
3.03000e-01,2.15932e+05,2.55936e+06,5.28216e+04,4.09018e+04
3.04000e-01,2.17268e+05,2.55919e+06,5.31589e+04,4.12365e+04
3.05000e-01,2.18691e+05,2.55901e+06,5.35025e+04,4.15556e+04
3.06000e-01,2.20101e+05,2.55883e+06,5.38320e+04,4.18817e+04
3.07000e-01,2.21551e+05,2.55866e+06,5.41724e+04,4.21885e+04
3.08000e-01,2.23001e+05,2.55847e+06,5.45143e+04,4.24996e+04
3.09000e-01,2.24170e+05,2.55829e+06,5.48206e+04,4.28122e+04
3.10000e-01,2.25581e+05,2.55810e+06,5.51465e+04,4.31245e+04
3.11000e-01,2.26989e+05,2.55791e+06,5.54650e+04,4.34528e+04
3.12000e-01,2.28240e+05,2.55772e+06,5.57730e+04,4.37525e+04
3.13000e-01,2.29159e+05,2.55753e+06,5.60126e+04,4.40861e+04
3.14000e-01,2.30391e+05,2.55732e+06,5.63219e+04,4.43794e+04
3.15000e-01,2.31720e+05,2.55712e+06,5.66376e+04,4.46782e+04
3.16000e-01,2.33024e+05,2.55692e+06,5.69518e+04,4.49861e+04
3.17000e-01,2.34367e+05,2.55671e+06,5.72644e+04,4.52933e+04
3.18000e-01,2.35567e+05,2.55651e+06,5.75563e+04,4.55844e+04
3.19000e-01,2.36812e+05,2.55630e+06,5.78582e+04,4.58359e+04
3.20000e-01,2.38118e+05,2.55609e+06,5.81562e+04,4.61412e+04
3.21000e-01,2.39384e+05,2.55587e+06,5.84245e+04,4.64699e+04
3.22000e-01,2.40637e+05,2.55565e+06,5.87108e+04,4.67545e+04
3.23000e-01,2.41852e+05,2.55543e+06,5.89928e+04,4.69967e+04
3.24000e-01,2.43136e+05,2.55521e+06,5.92545e+04,4.73315e+04
3.25000e-01,2.44431e+05,2.55498e+06,5.95299e+04,4.76484e+04
3.26000e-01,2.45712e+05,2.55475e+06,5.98020e+04,4.79651e+04
3.27000e-01,2.47011e+05,2.55451e+06,6.00813e+04,4.82703e+04
3.28000e-01,2.48243e+05,2.55427e+06,6.03528e+04,4.85643e+04
3.29000e-01,2.49527e+05,2.55403e+06,6.06276e+04,4.88574e+04
3.30000e-01,2.50908e+05,2.55379e+06,6.08976e+04,4.91287e+04
3.31000e-01,2.52110e+05,2.55355e+06,6.11623e+04,4.94088e+04
3.32000e-01,2.53357e+05,2.55330e+06,6.14249e+04,4.97033e+04
3.33000e-01,2.54695e+05,2.55305e+06,6.17075e+04,4.99989e+04
3.34000e-01,2.55978e+05,2.55280e+06,6.19662e+04,5.02951e+04
3.35000e-01,2.57179e+05,2.55254e+06,6.22230e+04,5.05771e+04
3.36000e-01,2.58112e+05,2.55229e+06,6.24079e+04,5.08990e+04
3.37000e-01,2.59228e+05,2.55202e+06,6.26560e+04,5.11408e+04
3.38000e-01,2.60386e+05,2.55176e+06,6.29060e+04,5.14225e+04
3.39000e-01,2.61520e+05,2.55150e+06,6.31563e+04,5.16863e+04
3.40000e-01,2.62668e+05,2.55123e+06,6.34056e+04,5.19652e+04
3.41000e-01,2.63830e+05,2.55096e+06,6.36499e+04,5.22402e+04
3.42000e-01,2.64987e+05,2.55069e+06,6.38908e+04,5.24994e+04
3.43000e-01,2.66148e+05,2.55042e+06,6.41356e+04,5.27585e+04
3.44000e-01,2.67340e+05,2.55014e+06,6.43754e+04,5.30469e+04
3.45000e-01,2.68492e+05,2.54986e+06,6.45941e+04,5.33173e+04
3.46000e-01,2.69611e+05,2.54958e+06,6.48273e+04,5.35589e+04
3.47000e-01,2.70781e+05,2.54929e+06,6.50594e+04,5.38302e+04
3.48000e-01,2.72045e+05,2.54901e+06,6.52792e+04,5.41430e+04
3.49000e-01,2.73202e+05,2.54872e+06,6.55067e+04,5.44391e+04
3.50000e-01,2.74424e+05,2.54842e+06,6.57371e+04,5.47344e+04
3.51000e-01,2.75618e+05,2.54813e+06,6.59675e+04,5.50173e+04
3.52000e-01,2.76833e+05,2.54784e+06,6.62015e+04,5.52900e+04
3.53000e-01,2.78066e+05,2.54753e+06,6.64249e+04,5.55676e+04
3.54000e-01,2.79282e+05,2.54722e+06,6.66530e+04,5.58363e+04
3.55000e-01,2.80447e+05,2.54692e+06,6.68814e+04,5.60815e+04
3.56000e-01,2.81634e+05,2.54661e+06,6.71027e+04,5.63573e+04
3.57000e-01,2.82829e+05,2.54629e+06,6.73337e+04,5.66168e+04
3.58000e-01,2.84014e+05,2.54598e+06,6.75503e+04,5.69000e+04
3.59000e-01,2.84979e+05,2.54566e+06,6.77003e+04,5.72395e+04
3.60000e-01,2.86090e+05,2.54534e+06,6.79129e+04,5.75014e+04
3.61000e-01,2.87192e+05,2.54501e+06,6.81262e+04,5.77584e+04
3.62000e-01,2.88277e+05,2.54469e+06,6.83391e+04,5.80102e+04
3.63000e-01,2.89376e+05,2.54436e+06,6.85507e+04,5.82829e+04
3.64000e-01,2.90465e+05,2.54403e+06,6.87569e+04,5.85374e+04
3.65000e-01,2.91577e+05,2.54369e+06,6.89599e+04,5.88027e+04
3.66000e-01,2.92646e+05,2.54336e+06,6.91673e+04,5.90247e+04
3.67000e-01,2.93782e+05,2.54302e+06,6.93745e+04,5.92978e+04
3.68000e-01,2.94902e+05,2.54268e+06,6.95602e+04,5.95815e+04
3.69000e-01,2.96011e+05,2.54233e+06,6.97633e+04,5.98284e+04
3.70000e-01,2.97115e+05,2.54198e+06,6.99675e+04,6.00366e+04
3.71000e-01,2.98255e+05,2.54163e+06,7.01508e+04,6.03310e+04
3.72000e-01,2.99441e+05,2.54127e+06,7.03512e+04,6.06181e+04
3.73000e-01,3.00631e+05,2.54092e+06,7.05504e+04,6.09069e+04
3.74000e-01,3.01808e+05,2.54056e+06,7.07523e+04,6.11775e+04
3.75000e-01,3.02989e+05,2.54020e+06,7.09566e+04,6.14425e+04
3.76000e-01,3.04197e+05,2.53983e+06,7.11614e+04,6.17135e+04
3.77000e-01,3.05423e+05,2.53946e+06,7.13532e+04,6.19878e+04
3.78000e-01,3.06574e+05,2.53908e+06,7.15541e+04,6.22336e+04
3.79000e-01,3.07753e+05,2.53870e+06,7.17479e+04,6.25138e+04
3.80000e-01,3.08914e+05,2.53832e+06,7.19421e+04,6.27871e+04
3.81000e-01,3.10075e+05,2.53793e+06,7.21342e+04,6.30624e+04
3.82000e-01,3.11201e+05,2.53754e+06,7.23255e+04,6.33373e+04
3.83000e-01,3.12220e+05,2.53715e+06,7.24631e+04,6.36574e+04
3.84000e-01,3.13285e+05,2.53675e+06,7.26463e+04,6.38930e+04
3.85000e-01,3.14399e+05,2.53635e+06,7.28312e+04,6.41700e+04
3.86000e-01,3.15481e+05,2.53594e+06,7.30168e+04,6.44191e+04
3.87000e-01,3.16562e+05,2.53554e+06,7.32020e+04,6.46679e+04
3.88000e-01,3.17669e+05,2.53513e+06,7.33841e+04,6.49237e+04
3.89000e-01,3.18760e+05,2.53473e+06,7.35639e+04,6.51628e+04
3.90000e-01,3.19850e+05,2.53431e+06,7.37479e+04,6.54015e+04
3.91000e-01,3.20989e+05,2.53390e+06,7.39317e+04,6.56746e+04
3.92000e-01,3.22131e+05,2.53348e+06,7.41007e+04,6.59171e+04
3.93000e-01,3.23175e+05,2.53305e+06,7.42758e+04,6.61435e+04
3.94000e-01,3.24331e+05,2.53263e+06,7.44568e+04,6.63995e+04
3.95000e-01,3.25451e+05,2.53220e+06,7.46110e+04,6.66928e+04
3.96000e-01,3.26618e+05,2.53177e+06,7.47885e+04,6.69763e+04
3.97000e-01,3.27797e+05,2.53134e+06,7.49618e+04,6.72633e+04
3.98000e-01,3.28971e+05,2.53091e+06,7.51403e+04,6.75326e+04
3.99000e-01,3.30169e+05,2.53049e+06,7.53204e+04,6.78047e+04
4.00000e-01,3.31387e+05,2.53004e+06,7.54910e+04,6.80812e+04
4.01000e-01,3.32565e+05,2.52958e+06,7.56656e+04,6.83596e+04
4.02000e-01,3.33702e+05,2.52913e+06,7.58414e+04,6.86053e+04
4.03000e-01,3.34854e+05,2.52868e+06,7.60085e+04,6.88794e+04
4.04000e-01,3.35989e+05,2.52822e+06,7.61782e+04,6.91357e+04
4.05000e-01,3.37281e+05,2.52776e+06,7.63631e+04,6.94371e+04
4.06000e-01,3.38311e+05,2.52730e+06,7.64760e+04,6.97594e+04
4.07000e-01,3.39412e+05,2.52683e+06,7.66402e+04,7.00151e+04
4.08000e-01,3.40511e+05,2.52636e+06,7.68045e+04,7.02693e+04
4.09000e-01,3.41475e+05,2.52589e+06,7.69517e+04,7.05038e+04
4.10000e-01,3.42576e+05,2.52542e+06,7.71151e+04,7.07655e+04
4.11000e-01,3.43682e+05,2.52494e+06,7.72745e+04,7.10146e+04
4.12000e-01,3.44799e+05,2.52447e+06,7.74314e+04,7.12772e+04
4.13000e-01,3.45867e+05,2.52399e+06,7.75929e+04,7.14954e+04
4.14000e-01,3.46993e+05,2.52350e+06,7.77537e+04,7.17655e+04
4.15000e-01,3.48111e+05,2.52301e+06,7.78951e+04,7.20452e+04
4.16000e-01,3.49207e+05,2.52251e+06,7.80511e+04,7.22903e+04
4.17000e-01,3.50320e+05,2.52201e+06,7.82109e+04,7.25118e+04
4.18000e-01,3.51539e+05,2.52152e+06,7.83580e+04,7.28218e+04
4.19000e-01,3.52758e+05,2.52101e+06,7.85135e+04,7.31062e+04
4.20000e-01,3.53862e+05,2.52051e+06,7.86536e+04,7.33890e+04
4.21000e-01,3.55045e+05,2.52000e+06,7.88107e+04,7.36621e+04
4.22000e-01,3.56249e+05,2.51951e+06,7.89695e+04,7.39360e+04
4.23000e-01,3.57482e+05,2.51898e+06,7.91291e+04,7.42156e+04
4.24000e-01,3.58694e+05,2.51845e+06,7.92730e+04,7.44955e+04
4.25000e-01,3.59844e+05,2.51792e+06,7.94270e+04,7.47415e+04
4.26000e-01,3.61022e+05,2.51739e+06,7.95736e+04,7.50230e+04
4.27000e-01,3.62180e+05,2.51685e+06,7.97209e+04,7.52949e+04
4.28000e-01,3.63330e+05,2.51631e+06,7.98641e+04,7.55715e+04
4.29000e-01,3.64388e+05,2.51577e+06,7.99560e+04,7.58947e+04
4.30000e-01,3.65531e+05,2.51523e+06,8.01001e+04,7.61734e+04
4.31000e-01,3.66600e+05,2.51468e+06,8.02401e+04,7.64010e+04
4.32000e-01,3.67777e+05,2.51414e+06,8.03896e+04,7.66827e+04
4.33000e-01,3.68914e+05,2.51359e+06,8.05369e+04,7.69339e+04
4.34000e-01,3.69965e+05,2.51303e+06,8.06717e+04,7.71688e+04
4.35000e-01,3.71107e+05,2.51248e+06,8.08098e+04,7.74316e+04
4.36000e-01,3.72221e+05,2.51192e+06,8.09447e+04,7.76753e+04
4.37000e-01,3.73322e+05,2.51136e+06,8.10827e+04,7.79194e+04
4.38000e-01,3.74457e+05,2.51079e+06,8.12179e+04,7.81994e+04
4.39000e-01,3.75604e+05,2.51022e+06,8.13423e+04,7.84474e+04
4.40000e-01,3.76666e+05,2.50964e+06,8.14709e+04,7.86804e+04
4.41000e-01,3.77820e+05,2.50906e+06,8.16029e+04,7.89437e+04
4.42000e-01,3.79024e+05,2.50848e+06,8.17188e+04,7.92552e+04
4.43000e-01,3.80218e+05,2.50790e+06,8.18513e+04,7.95445e+04
4.44000e-01,3.81420e+05,2.50731e+06,8.19790e+04,7.98312e+04
4.45000e-01,3.82530e+05,2.50674e+06,8.20989e+04,8.00948e+04
4.46000e-01,3.83759e+05,2.50615e+06,8.22332e+04,8.03733e+04
4.47000e-01,3.85016e+05,2.50554e+06,8.23568e+04,8.06824e+04
4.48000e-01,3.86171e+05,2.50493e+06,8.24846e+04,8.09099e+04
4.49000e-01,3.87379e+05,2.50433e+06,8.26152e+04,8.11899e+04
4.50000e-01,3.88585e+05,2.50372e+06,8.27394e+04,8.14771e+04
4.51000e-01,3.89755e+05,2.50310e+06,8.28637e+04,8.17447e+04
4.52000e-01,3.90924e+05,2.50249e+06,8.29811e+04,8.20330e+04
4.53000e-01,3.92001e+05,2.50186e+06,8.30522e+04,8.23539e+04
4.54000e-01,3.93129e+05,2.50124e+06,8.31704e+04,8.26175e+04
4.55000e-01,3.94209e+05,2.50061e+06,8.32796e+04,8.28649e+04
4.56000e-01,3.95336e+05,2.49998e+06,8.33975e+04,8.31192e+04
4.57000e-01,3.96466e+05,2.49935e+06,8.35157e+04,8.33668e+04
4.58000e-01,3.97627e+05,2.49871e+06,8.36302e+04,8.36245e+04
4.59000e-01,3.98797e+05,2.49807e+06,8.37429e+04,8.38921e+04
4.60000e-01,3.99895e+05,2.49743e+06,8.38579e+04,8.41112e+04
4.61000e-01,4.01059e+05,2.49677e+06,8.39732e+04,8.43833e+04
4.62000e-01,4.02206e+05,2.49612e+06,8.40683e+04,8.46640e+04
4.63000e-01,4.03354e+05,2.49546e+06,8.41811e+04,8.49184e+04
4.64000e-01,4.04473e+05,2.49480e+06,8.42895e+04,8.51299e+04
4.65000e-01,4.05688e+05,2.49414e+06,8.43834e+04,8.54360e+04
4.66000e-01,4.06913e+05,2.49348e+06,8.44880e+04,8.57343e+04
4.67000e-01,4.08142e+05,2.49281e+06,8.45914e+04,8.60265e+04
4.68000e-01,4.09411e+05,2.49215e+06,8.47075e+04,8.63093e+04
4.69000e-01,4.10678e+05,2.49149e+06,8.48202e+04,8.65904e+04
4.70000e-01,4.11988e+05,2.49080e+06,8.49325e+04,8.68947e+04
4.71000e-01,4.13246e+05,2.49011e+06,8.50304e+04,8.71605e+04
4.72000e-01,4.14485e+05,2.48943e+06,8.51398e+04,8.74144e+04
4.73000e-01,4.15742e+05,2.48874e+06,8.52399e+04,8.77065e+04
4.74000e-01,4.16963e+05,2.48804e+06,8.53406e+04,8.79750e+04
4.75000e-01,4.18203e+05,2.48734e+06,8.54366e+04,8.82768e+04
4.76000e-01,4.19235e+05,2.48664e+06,8.54677e+04,8.85885e+04
4.77000e-01,4.20439e+05,2.48593e+06,8.55630e+04,8.88749e+04
4.78000e-01,4.21597e+05,2.48522e+06,8.56579e+04,8.91133e+04
4.79000e-01,4.22761e+05,2.48451e+06,8.57454e+04,8.93861e+04
4.80000e-01,4.23932e+05,2.48380e+06,8.58405e+04,8.96271e+04
4.81000e-01,4.25138e+05,2.48309e+06,8.59368e+04,8.98782e+04
4.82000e-01,4.26367e+05,2.48237e+06,8.60278e+04,9.01498e+04
4.83000e-01,4.27563e+05,2.48164e+06,8.61160e+04,9.03995e+04
4.84000e-01,4.28736e+05,2.48091e+06,8.62055e+04,9.06389e+04
4.85000e-01,4.29964e+05,2.48018e+06,8.62946e+04,9.09211e+04
4.86000e-01,4.31161e+05,2.47944e+06,8.63664e+04,9.11597e+04
4.87000e-01,4.32338e+05,2.47869e+06,8.64505e+04,9.13887e+04
4.88000e-01,4.33549e+05,2.47795e+06,8.65323e+04,9.16489e+04
4.89000e-01,4.34830e+05,2.47720e+06,8.65988e+04,9.19602e+04
4.90000e-01,4.36099e+05,2.47644e+06,8.66834e+04,9.22435e+04
4.91000e-01,4.37381e+05,2.47569e+06,8.67631e+04,9.25250e+04
4.92000e-01,4.38686e+05,2.47496e+06,8.68496e+04,9.28019e+04
4.93000e-01,4.40022e+05,2.47419e+06,8.69369e+04,9.30791e+04
4.93309e-01,4.40789e+05,2.47497e+06,8.70110e+04,9.32993e+04
4.93617e-01,4.41158e+05,2.47474e+06,8.70253e+04,9.33597e+04
4.93926e-01,4.41567e+05,2.47450e+06,8.70518e+04,9.34436e+04
4.94235e-01,4.41978e+05,2.47427e+06,8.70778e+04,9.35269e+04
4.94543e-01,4.42372e+05,2.47403e+06,8.71015e+04,9.35917e+04
4.95543e-01,4.43374e+05,2.47223e+06,8.71397e+04,9.37598e+04
4.96543e-01,4.44697e+05,2.47145e+06,8.72143e+04,9.40474e+04
4.97543e-01,4.45972e+05,2.47067e+06,8.72878e+04,9.43101e+04
4.98543e-01,4.47262e+05,2.46989e+06,8.73554e+04,9.46071e+04
4.99543e-01,4.48446e+05,2.46910e+06,8.73742e+04,9.49279e+04
5.00543e-01,4.49754e+05,2.46832e+06,8.74498e+04,9.52195e+04
5.01543e-01,4.50994e+05,2.46752e+06,8.75196e+04,9.54560e+04
5.02543e-01,4.52301e+05,2.46673e+06,8.75920e+04,9.57388e+04
5.03543e-01,4.53590e+05,2.46594e+06,8.76674e+04,9.59694e+04
5.04543e-01,4.54837e+05,2.46514e+06,8.77285e+04,9.62068e+04
5.05543e-01,4.56166e+05,2.46433e+06,8.77878e+04,9.64792e+04
5.06543e-01,4.57455e+05,2.46352e+06,8.78586e+04,9.67226e+04
5.07543e-01,4.58751e+05,2.46271e+06,8.79280e+04,9.69664e+04
5.08543e-01,4.60069e+05,2.46189e+06,8.79771e+04,9.72487e+04
5.09543e-01,4.61386e+05,2.46107e+06,8.80423e+04,9.74926e+04
5.10543e-01,4.62698e+05,2.46024e+06,8.81038e+04,9.77155e+04
5.11543e-01,4.64068e+05,2.45941e+06,8.81660e+04,9.79733e+04
5.12543e-01,4.65500e+05,2.45857e+06,8.82110e+04,9.82888e+04
5.13543e-01,4.66919e+05,2.45773e+06,8.82686e+04,9.85816e+04
5.14543e-01,4.68329e+05,2.45690e+06,8.83323e+04,9.88502e+04
5.15543e-01,4.69793e+05,2.45608e+06,8.84001e+04,9.91276e+04
5.16543e-01,4.71294e+05,2.45523e+06,8.84674e+04,9.94234e+04
5.17543e-01,4.72743e+05,2.45436e+06,8.85188e+04,9.96945e+04
5.18543e-01,4.74148e+05,2.45351e+06,8.85742e+04,9.99207e+04
5.19543e-01,4.75598e+05,2.45265e+06,8.86335e+04,1.00195e+05
5.20543e-01,4.77043e+05,2.45179e+06,8.86831e+04,1.00476e+05
5.21543e-01,4.78450e+05,2.45092e+06,8.87314e+04,1.00738e+05
5.22543e-01,4.79818e+05,2.45005e+06,8.87233e+04,1.01072e+05
5.23543e-01,4.81244e+05,2.44918e+06,8.87715e+04,1.01347e+05
5.24543e-01,4.82659e+05,2.44830e+06,8.88192e+04,1.01598e+05
5.25543e-01,4.84097e+05,2.44742e+06,8.88681e+04,1.01849e+05
5.26543e-01,4.85532e+05,2.44655e+06,8.89175e+04,1.02086e+05
5.27543e-01,4.86995e+05,2.44567e+06,8.89682e+04,1.02326e+05
5.28543e-01,4.88478e+05,2.44478e+06,8.90113e+04,1.02590e+05
5.29543e-01,4.89949e+05,2.44389e+06,8.90516e+04,1.02855e+05
5.30543e-01,4.91376e+05,2.44299e+06,8.90982e+04,1.03070e+05
5.31543e-01,4.92887e+05,2.44209e+06,8.91446e+04,1.03341e+05
5.32543e-01,4.94386e+05,2.44119e+06,8.91727e+04,1.03588e+05
5.33543e-01,4.95875e+05,2.44028e+06,8.92144e+04,1.03807e+05
5.34543e-01,4.97451e+05,2.43936e+06,8.92585e+04,1.04058e+05
5.35543e-01,4.99066e+05,2.43845e+06,8.92780e+04,1.04368e+05
5.36543e-01,5.00673e+05,2.43752e+06,8.93218e+04,1.04643e+05
5.37543e-01,5.02318e+05,2.43660e+06,8.93601e+04,1.04927e+05
5.38543e-01,5.03990e+05,2.43570e+06,8.94070e+04,1.05202e+05
5.39543e-01,5.05703e+05,2.43477e+06,8.94546e+04,1.05475e+05
5.40543e-01,5.07415e+05,2.43382e+06,8.94979e+04,1.05769e+05
5.41543e-01,5.09101e+05,2.43291e+06,8.95225e+04,1.06031e+05
5.42543e-01,5.10747e+05,2.43195e+06,8.95613e+04,1.06277e+05
5.43543e-01,5.12428e+05,2.43100e+06,8.95892e+04,1.06564e+05
5.44543e-01,5.14056e+05,2.43005e+06,8.96122e+04,1.06810e+05
5.45543e-01,5.15675e+05,2.42910e+06,8.95795e+04,1.07145e+05
5.46543e-01,5.17381e+05,2.42814e+06,8.96133e+04,1.07416e+05
5.47543e-01,5.19083e+05,2.42719e+06,8.96420e+04,1.07677e+05
5.48543e-01,5.20779e+05,2.42622e+06,8.96744e+04,1.07898e+05
5.49543e-01,5.22534e+05,2.42526e+06,8.97074e+04,1.08166e+05
5.50543e-01,5.24241e+05,2.42430e+06,8.97402e+04,1.08376e+05
5.51543e-01,5.25989e+05,2.42333e+06,8.97718e+04,1.08625e+05
5.52543e-01,5.27729e+05,2.42235e+06,8.97833e+04,1.08888e+05
5.53543e-01,5.29448e+05,2.42137e+06,8.98102e+04,1.09119e+05
5.54543e-01,5.31211e+05,2.42039e+06,8.98367e+04,1.09355e+05
5.55543e-01,5.33033e+05,2.41940e+06,8.98443e+04,1.09630e+05
5.56543e-01,5.34865e+05,2.41841e+06,8.98684e+04,1.09867e+05
5.57543e-01,5.36691e+05,2.41741e+06,8.98866e+04,1.10079e+05
5.58543e-01,5.38593e+05,2.41641e+06,8.99089e+04,1.10327e+05
5.59543e-01,5.40561e+05,2.41540e+06,8.99104e+04,1.10632e+05
5.60543e-01,5.42522e+05,2.41440e+06,8.99265e+04,1.10910e+05
5.61543e-01,5.44517e+05,2.41341e+06,8.99540e+04,1.11176e+05
5.62543e-01,5.46575e+05,2.41241e+06,8.99825e+04,1.11440e+05
5.63543e-01,5.48703e+05,2.41138e+06,9.00137e+04,1.11724e+05
5.64543e-01,5.50770e+05,2.41035e+06,9.00238e+04,1.12001e+05
5.65543e-01,5.52786e+05,2.40946e+06,9.00335e+04,1.12234e+05
5.66543e-01,5.54836e+05,2.40839e+06,9.00492e+04,1.12501e+05
5.67543e-01,5.56902e+05,2.40735e+06,9.00529e+04,1.12776e+05
5.68543e-01,5.58963e+05,2.40631e+06,9.00536e+04,1.13039e+05
5.69543e-01,5.60991e+05,2.40526e+06,9.00015e+04,1.13364e+05
5.70543e-01,5.63113e+05,2.40422e+06,9.00116e+04,1.13627e+05
5.71543e-01,5.65271e+05,2.40318e+06,9.00246e+04,1.13867e+05
5.72543e-01,5.67478e+05,2.40213e+06,9.00406e+04,1.14108e+05
5.73543e-01,5.69706e+05,2.40108e+06,9.00631e+04,1.14328e+05
5.74543e-01,5.71964e+05,2.40003e+06,9.00842e+04,1.14565e+05
5.75543e-01,5.74222e+05,2.39898e+06,9.00930e+04,1.14823e+05
5.76543e-01,5.76484e+05,2.39791e+06,9.00998e+04,1.15076e+05
5.77543e-01,5.78748e+05,2.39685e+06,9.01157e+04,1.15283e+05
5.78543e-01,5.81094e+05,2.39577e+06,9.01225e+04,1.15531e+05
5.79543e-01,5.83471e+05,2.39470e+06,9.01164e+04,1.15765e+05
5.80543e-01,5.85838e+05,2.39362e+06,9.01233e+04,1.15973e+05
5.81543e-01,5.88267e+05,2.39253e+06,9.01279e+04,1.16214e+05
5.82543e-01,5.90780e+05,2.39145e+06,9.01020e+04,1.16531e+05
5.83543e-01,5.93294e+05,2.39036e+06,9.01071e+04,1.16799e+05
5.84543e-01,5.95898e+05,2.38928e+06,9.01051e+04,1.17083e+05
5.85543e-01,5.98571e+05,2.38821e+06,9.01141e+04,1.17351e+05
5.86543e-01,6.01317e+05,2.38710e+06,9.01222e+04,1.17634e+05
5.87543e-01,6.04042e+05,2.38599e+06,9.01110e+04,1.17909e+05
5.88543e-01,6.06764e+05,2.38488e+06,9.00936e+04,1.18167e+05
5.89543e-01,6.09488e+05,2.38378e+06,9.00897e+04,1.18402e+05
5.90543e-01,6.12304e+05,2.38268e+06,9.00695e+04,1.18687e+05
5.91543e-01,6.15224e+05,2.38157e+06,9.00420e+04,1.18971e+05
5.92543e-01,6.18072e+05,2.38045e+06,8.99681e+04,1.19313e+05
5.93543e-01,6.21021e+05,2.37932e+06,8.99631e+04,1.19587e+05
5.94543e-01,6.24045e+05,2.37819e+06,8.99618e+04,1.19859e+05
5.95543e-01,6.27060e+05,2.37706e+06,8.99607e+04,1.20088e+05
5.96543e-01,6.30187e+05,2.37593e+06,8.99644e+04,1.20351e+05
5.97543e-01,6.33307e+05,2.37480e+06,8.99690e+04,1.20561e+05
5.98543e-01,6.36475e+05,2.37365e+06,8.99714e+04,1.20819e+05
5.99543e-01,6.39665e+05,2.37251e+06,8.99446e+04,1.21092e+05
6.00543e-01,6.42946e+05,2.37135e+06,8.99446e+04,1.21330e+05
6.01543e-01,6.46274e+05,2.37020e+06,8.99404e+04,1.21570e+05
6.02543e-01,6.46310e+05,2.36904e+06,8.97329e+04,1.21862e+05
6.03543e-01,6.43988e+05,2.36789e+06,8.94095e+04,1.22089e+05
6.04543e-01,6.40554e+05,2.36673e+06,8.90100e+04,1.22297e+05
6.05543e-01,6.36644e+05,2.36558e+06,8.85701e+04,1.22424e+05
6.06543e-01,6.32730e+05,2.36443e+06,8.80860e+04,1.22563e+05
6.07543e-01,6.29065e+05,2.36329e+06,8.76378e+04,1.22628e+05
6.08543e-01,6.25880e+05,2.36217e+06,8.72363e+04,1.22640e+05
6.09543e-01,6.23279e+05,2.36103e+06,8.68810e+04,1.22621e+05
6.10543e-01,6.21237e+05,2.35988e+06,8.65832e+04,1.22537e+05
6.11543e-01,6.19831e+05,2.35872e+06,8.63345e+04,1.22438e+05
6.12543e-01,6.18127e+05,2.35773e+06,8.60879e+04,1.22317e+05
6.13543e-01,6.15684e+05,2.35655e+06,8.58470e+04,1.22200e+05
6.14543e-01,6.12820e+05,2.35540e+06,8.55973e+04,1.22105e+05
6.15543e-01,6.09500e+05,2.35425e+06,8.53001e+04,1.21998e+05
6.16543e-01,6.06157e+05,2.35312e+06,8.50481e+04,1.21902e+05
6.17543e-01,6.02744e+05,2.35198e+06,8.48046e+04,1.21773e+05
6.18543e-01,5.99232e+05,2.35084e+06,8.45448e+04,1.21598e+05
6.19543e-01,5.95829e+05,2.34971e+06,8.42714e+04,1.21473e+05
6.20543e-01,5.92486e+05,2.34859e+06,8.39851e+04,1.21290e+05
6.21543e-01,5.89336e+05,2.34746e+06,8.36860e+04,1.21146e+05
6.22543e-01,5.86373e+05,2.34633e+06,8.33624e+04,1.21025e+05
6.23543e-01,5.83707e+05,2.34519e+06,8.30413e+04,1.20905e+05
6.24543e-01,5.81374e+05,2.34406e+06,8.27375e+04,1.20772e+05
6.25543e-01,5.79488e+05,2.34293e+06,8.24522e+04,1.20683e+05
6.26543e-01,5.78010e+05,2.34180e+06,8.21818e+04,1.20577e+05
6.27543e-01,5.77011e+05,2.34066e+06,8.19529e+04,1.20540e+05
6.28543e-01,5.76722e+05,2.33953e+06,8.17700e+04,1.20519e+05
6.29543e-01,5.76414e+05,2.33840e+06,8.15430e+04,1.20640e+05
6.30543e-01,5.76839e+05,2.33726e+06,8.14207e+04,1.20767e+05
6.31543e-01,5.76363e+05,2.33615e+06,8.12419e+04,1.20974e+05
6.32543e-01,5.74934e+05,2.33502e+06,8.10071e+04,1.21206e+05
6.33543e-01,5.72662e+05,2.33386e+06,8.06927e+04,1.21469e+05
6.34543e-01,5.69709e+05,2.33270e+06,8.02849e+04,1.21711e+05
6.35543e-01,5.66306e+05,2.33156e+06,7.98249e+04,1.21885e+05
6.36543e-01,5.62728e+05,2.33042e+06,7.93266e+04,1.22026e+05
6.37543e-01,5.59226e+05,2.32927e+06,7.88069e+04,1.22168e+05
6.38543e-01,5.55867e+05,2.32812e+06,7.83232e+04,1.22220e+05
6.39543e-01,5.52776e+05,2.32697e+06,7.78233e+04,1.22271e+05
6.40543e-01,5.50144e+05,2.32581e+06,7.74363e+04,1.22248e+05
6.41543e-01,5.47977e+05,2.32466e+06,7.71177e+04,1.22188e+05
6.42543e-01,5.46276e+05,2.32351e+06,7.68666e+04,1.22072e+05
6.43543e-01,5.44858e+05,2.32238e+06,7.66652e+04,1.21931e+05
6.44543e-01,5.43720e+05,2.32124e+06,7.65130e+04,1.21744e+05
6.45543e-01,5.42817e+05,2.32010e+06,7.63740e+04,1.21606e+05
6.46543e-01,5.42203e+05,2.31897e+06,7.62782e+04,1.21450e+05
6.47543e-01,5.41763e+05,2.31783e+06,7.62102e+04,1.21272e+05
6.48543e-01,5.40449e+05,2.31670e+06,7.60906e+04,1.21125e+05
6.49543e-01,5.38088e+05,2.31557e+06,7.59038e+04,1.21021e+05
6.50543e-01,5.34636e+05,2.31444e+06,7.56450e+04,1.20904e+05
6.51543e-01,5.31122e+05,2.31331e+06,7.53684e+04,1.20823e+05
6.52543e-01,5.27463e+05,2.31219e+06,7.50508e+04,1.20711e+05
6.53543e-01,5.23742e+05,2.31106e+06,7.46801e+04,1.20633e+05
6.54543e-01,5.19993e+05,2.30994e+06,7.42694e+04,1.20559e+05
6.55543e-01,5.16322e+05,2.30884e+06,7.38463e+04,1.20467e+05
6.56543e-01,5.12840e+05,2.30770e+06,7.34128e+04,1.20387e+05
6.57543e-01,5.09638e+05,2.30656e+06,7.29888e+04,1.20287e+05
6.58543e-01,5.06760e+05,2.30541e+06,7.25781e+04,1.20187e+05
6.59543e-01,5.04246e+05,2.30430e+06,7.22154e+04,1.20084e+05
6.60543e-01,5.02157e+05,2.30319e+06,7.18950e+04,1.19984e+05
6.61543e-01,5.00529e+05,2.30206e+06,7.16071e+04,1.19930e+05
6.62543e-01,4.99333e+05,2.30093e+06,7.13541e+04,1.19873e+05
6.63543e-01,4.97591e+05,2.29980e+06,7.11187e+04,1.19859e+05
6.64543e-01,4.95105e+05,2.29867e+06,7.08717e+04,1.19849e+05
6.65543e-01,4.91869e+05,2.29754e+06,7.05801e+04,1.19822e+05
6.66543e-01,4.88236e+05,2.29642e+06,7.02536e+04,1.19798e+05
6.67543e-01,4.84014e+05,2.29530e+06,6.98639e+04,1.19718e+05
6.68543e-01,4.80061e+05,2.29418e+06,6.94752e+04,1.19668e+05
6.69543e-01,4.76328e+05,2.29307e+06,6.90765e+04,1.19600e+05
6.70543e-01,4.72804e+05,2.29196e+06,6.86622e+04,1.19520e+05
6.71543e-01,4.69518e+05,2.29084e+06,6.82673e+04,1.19384e+05
6.72543e-01,4.66564e+05,2.28972e+06,6.78863e+04,1.19245e+05
6.73543e-01,4.63895e+05,2.28860e+06,6.75419e+04,1.19087e+05
6.74543e-01,4.61494e+05,2.28748e+06,6.72283e+04,1.18916e+05
6.75543e-01,4.59359e+05,2.28636e+06,6.69501e+04,1.18712e+05
6.76543e-01,4.57575e+05,2.28525e+06,6.66992e+04,1.18543e+05
6.77543e-01,4.56134e+05,2.28414e+06,6.64915e+04,1.18383e+05
6.78543e-01,4.55030e+05,2.28307e+06,6.62935e+04,1.18277e+05
6.79543e-01,4.53844e+05,2.28196e+06,6.61093e+04,1.18179e+05
6.80543e-01,4.51590e+05,2.28085e+06,6.58648e+04,1.18101e+05
6.81306e-01,4.49251e+05,2.28011e+06,6.56434e+04,1.18108e+05
6.81749e-01,4.47904e+05,2.27979e+06,6.55118e+04,1.18155e+05
6.82192e-01,4.46259e+05,2.27944e+06,6.53522e+04,1.18129e+05
6.82635e-01,4.44450e+05,2.27892e+06,6.51706e+04,1.18069e+05
6.83078e-01,4.42278e+05,2.27841e+06,6.49823e+04,1.18061e+05
6.83521e-01,4.40345e+05,2.27793e+06,6.47873e+04,1.18034e+05
6.84521e-01,4.35539e+05,2.27661e+06,6.42390e+04,1.17907e+05
6.85521e-01,4.31292e+05,2.27550e+06,6.36554e+04,1.17857e+05
6.86521e-01,4.27248e+05,2.27439e+06,6.30595e+04,1.17806e+05
6.87521e-01,4.23339e+05,2.27327e+06,6.24591e+04,1.17702e+05
6.88521e-01,4.19740e+05,2.27216e+06,6.18719e+04,1.17584e+05
6.89521e-01,4.16468e+05,2.27106e+06,6.13179e+04,1.17439e+05
6.90521e-01,4.13618e+05,2.26995e+06,6.08205e+04,1.17278e+05
6.91521e-01,4.11215e+05,2.26885e+06,6.03900e+04,1.17124e+05
6.92521e-01,4.09303e+05,2.26775e+06,6.00320e+04,1.16990e+05
6.93521e-01,4.07870e+05,2.26665e+06,5.97224e+04,1.16894e+05
6.94521e-01,4.07342e+05,2.26554e+06,5.95529e+04,1.16776e+05
6.95521e-01,4.07502e+05,2.26444e+06,5.95045e+04,1.16717e+05
6.96521e-01,4.07034e+05,2.26334e+06,5.94351e+04,1.16692e+05
6.97521e-01,4.05017e+05,2.26225e+06,5.92780e+04,1.16692e+05
6.98521e-01,4.01956e+05,2.26115e+06,5.90100e+04,1.16674e+05
6.99521e-01,3.97980e+05,2.26007e+06,5.86337e+04,1.16603e+05
7.00521e-01,3.94199e+05,2.25898e+06,5.82366e+04,1.16550e+05
7.01521e-01,3.90579e+05,2.25792e+06,5.78323e+04,1.16456e+05
7.02521e-01,3.87141e+05,2.25686e+06,5.74159e+04,1.16351e+05
7.03521e-01,3.83889e+05,2.25578e+06,5.69986e+04,1.16199e+05
7.04521e-01,3.80836e+05,2.25468e+06,5.65901e+04,1.16032e+05
7.05521e-01,3.78089e+05,2.25359e+06,5.61941e+04,1.15853e+05
7.06521e-01,3.75687e+05,2.25254e+06,5.58489e+04,1.15648e+05
7.07521e-01,3.73578e+05,2.25148e+06,5.55394e+04,1.15429e+05
7.08521e-01,3.71776e+05,2.25041e+06,5.52610e+04,1.15220e+05
7.09521e-01,3.70294e+05,2.24932e+06,5.49915e+04,1.15065e+05
7.10521e-01,3.68946e+05,2.24824e+06,5.48043e+04,1.14906e+05
7.11521e-01,3.66928e+05,2.24716e+06,5.46075e+04,1.14778e+05
7.12521e-01,3.64447e+05,2.24609e+06,5.43991e+04,1.14652e+05
7.13521e-01,3.61587e+05,2.24502e+06,5.41667e+04,1.14529e+05
7.14521e-01,3.58483e+05,2.24395e+06,5.39152e+04,1.14417e+05
7.15521e-01,3.55427e+05,2.24289e+06,5.36445e+04,1.14316e+05
7.16521e-01,3.51784e+05,2.24183e+06,5.33067e+04,1.14215e+05
7.17521e-01,3.48502e+05,2.24077e+06,5.29729e+04,1.14091e+05
7.18521e-01,3.45478e+05,2.23971e+06,5.26240e+04,1.13969e+05
7.19521e-01,3.42670e+05,2.23865e+06,5.22653e+04,1.13823e+05
7.20521e-01,3.40111e+05,2.23759e+06,5.19242e+04,1.13649e+05
7.21521e-01,3.37911e+05,2.23653e+06,5.16066e+04,1.13472e+05
7.22521e-01,3.36136e+05,2.23547e+06,5.13240e+04,1.13299e+05
7.23521e-01,3.34827e+05,2.23442e+06,5.10734e+04,1.13152e+05
7.24521e-01,3.33940e+05,2.23338e+06,5.08819e+04,1.13005e+05
7.25521e-01,3.33430e+05,2.23235e+06,5.07334e+04,1.12878e+05
7.26521e-01,3.33112e+05,2.23129e+06,5.06125e+04,1.12783e+05
7.27521e-01,3.32751e+05,2.23022e+06,5.04966e+04,1.12706e+05
7.28226e-01,3.32176e+05,2.22947e+06,5.03711e+04,1.12725e+05
7.28932e-01,3.30979e+05,2.22874e+06,5.02356e+04,1.12696e+05
7.29638e-01,3.29275e+05,2.22800e+06,5.00623e+04,1.12676e+05
7.30343e-01,3.27228e+05,2.22727e+06,4.98555e+04,1.12654e+05
7.31049e-01,3.25016e+05,2.22653e+06,4.96245e+04,1.12627e+05
7.32049e-01,3.22673e+05,2.22551e+06,4.92745e+04,1.12533e+05
7.32062e-01,3.21759e+05,2.22543e+06,4.92319e+04,1.12655e+05
7.32062e-01,3.21773e+05,2.22542e+06,4.92320e+04,1.12657e+05
7.32062e-01,3.39099e+05,2.22542e+06,4.92351e+04,1.12657e+05
7.32062e-01,3.48695e+05,2.22542e+06,4.92366e+04,1.12657e+05
7.32062e-01,3.58059e+05,2.22542e+06,4.92381e+04,1.12657e+05
7.32062e-01,3.67192e+05,2.22542e+06,4.92396e+04,1.12657e+05
7.32064e-01,3.09819e+07,2.22543e+06,6.58504e+04,1.12657e+05
7.32064e-01,1.29401e+07,2.22543e+06,5.60830e+04,1.12657e+05
7.32064e-01,1.22127e+07,2.22543e+06,5.29031e+04,1.12657e+05
7.32064e-01,5.89431e+06,2.22543e+06,5.22614e+04,1.12657e+05
7.32064e-01,2.14960e+12,2.22543e+06,8.60743e+06,1.12657e+05
7.32064e-01,5.42675e+06,2.22543e+06,5.19961e+04,1.12657e+05
7.32064e-01,5.25501e+06,2.22540e+06,5.19614e+04,1.12656e+05
7.32064e-01,4.17796e+09,2.22540e+06,5.68406e+04,1.12656e+05
7.32064e-01,2.72904e+09,2.22540e+06,5.51475e+04,1.12656e+05
7.32064e-01,1.87764e+09,2.22540e+06,5.41530e+04,1.12656e+05
7.32064e-01,1.34477e+09,2.22540e+06,5.35307e+04,1.12656e+05
7.32064e-01,5.20043e+06,2.22530e+06,5.18326e+04,1.12653e+05
7.32064e-01,3.59882e+06,2.22532e+06,5.10447e+04,1.12654e+05
7.32064e-01,1.76102e+10,2.22532e+06,5.12428e+04,1.12654e+05
7.32064e-01,6.37938e+09,2.22532e+06,5.12506e+04,1.12654e+05
7.32064e-01,4.06409e+09,2.22532e+06,5.12565e+04,1.12654e+05
7.32064e-01,2.99651e+09,2.22532e+06,5.12610e+04,1.12654e+05
7.32064e-01,1.84466e+07,2.22532e+06,5.12739e+04,1.12654e+05
7.32064e-01,1.40557e+08,2.22532e+06,5.13302e+04,1.12654e+05
7.32064e-01,2.39520e+08,2.22532e+06,5.13762e+04,1.12654e+05
7.32064e-01,3.26321e+08,2.22532e+06,5.14168e+04,1.12654e+05
7.32064e-01,4.02586e+08,2.22532e+06,5.14527e+04,1.12654e+05
7.32064e-01,7.68442e+19,2.22579e+06,7.65566e+12,1.12651e+05
7.32064e-01,1.07921e+10,2.41659e+06,6.24915e+06,1.19188e+05
7.32064e-01,2.62906e+09,2.27165e+06,1.55934e+06,1.14236e+05
7.32064e-01,2.62906e+09,2.27165e+06,1.55934e+06,1.14236e+05
7.32064e-01,2.62906e+09,2.27165e+06,1.55934e+06,1.14236e+05
7.32064e-01,2.62906e+09,2.27165e+06,1.55934e+06,1.14236e+05
7.32064e-01,2.62906e+09,2.27165e+06,1.55934e+06,1.14236e+05
7.32064e-01,2.62906e+09,2.27165e+06,1.55934e+06,1.14236e+05
7.32064e-01,2.62906e+09,2.27165e+06,1.55934e+06,1.14236e+05
7.32064e-01,2.62906e+09,2.27165e+06,1.55934e+06,1.14236e+05
7.32064e-01,2.62906e+09,2.27165e+06,1.55934e+06,1.14236e+05
7.32064e-01,2.62906e+09,2.27165e+06,1.55934e+06,1.14236e+05
7.32064e-01,2.62906e+09,2.27165e+06,1.55934e+06,1.14236e+05
7.32064e-01,2.62906e+09,2.27165e+06,1.55934e+06,1.14236e+05
7.32064e-01,2.62907e+09,2.27165e+06,1.55934e+06,1.14236e+05
7.32064e-01,2.62907e+09,2.27165e+06,1.55934e+06,1.14236e+05
7.32064e-01,2.62907e+09,2.27165e+06,1.55934e+06,1.14236e+05
7.32064e-01,2.62915e+09,2.27165e+06,1.55934e+06,1.14236e+05
7.32064e-01,2.62946e+09,2.27165e+06,1.55936e+06,1.14236e+05
7.32064e-01,2.63130e+09,2.27166e+06,1.55956e+06,1.14237e+05
7.32064e-01,3.84582e+27,2.28492e+06,2.67435e+17,1.14237e+05
7.32064e-01,3.84520e+27,2.28503e+06,2.67392e+17,1.14240e+05
7.32064e-01,1.52951e+12,2.82299e+07,8.59934e+08,1.00099e+06
7.32064e-01,1.03543e+16,2.22529e+06,7.78970e+05,1.12653e+05
7.32064e-01,2.05690e+28,4.35874e+06,7.84777e+18,1.12609e+05
7.32064e-01,5.08077e+28,5.94368e+08,3.03277e+17,2.03406e+07
7.32064e-01,8.13058e+28,1.08276e+09,4.97584e+17,3.70247e+07
7.32064e-01,1.01111e+29,1.52052e+09,6.53953e+17,5.19789e+07
7.32064e-01,1.01113e+29,1.52056e+09,6.53968e+17,5.19804e+07
7.32064e-01,1.01115e+29,1.52061e+09,6.53984e+17,5.19819e+07
7.32064e-01,2.04422e+38,1.53360e+09,1.92699e+24,5.19834e+07
7.32064e-01,1.00735e+29,1.52069e+09,6.52775e+17,5.19849e+07
7.32064e-01,1.79243e+37,1.52274e+09,2.26624e+23,5.19851e+07
7.32064e-01,8.14113e+36,1.52164e+09,1.02932e+23,5.19853e+07
7.32064e-01,3.70166e+36,1.52114e+09,4.68020e+22,5.19855e+07
7.32064e-01,1.68855e+36,1.52091e+09,2.13496e+22,5.19858e+07
7.32064e-01,7.77695e+35,1.52082e+09,9.83331e+21,5.19860e+07
7.32064e-01,9.27935e+28,1.52519e+09,6.27442e+17,5.21386e+07
7.32064e-01,8.30401e+28,1.52934e+09,5.94359e+17,5.22803e+07
7.32064e-01,7.29834e+28,1.56930e+09,5.64452e+17,5.36455e+07
7.32064e-01,7.47554e+28,1.60887e+09,5.78430e+17,5.49971e+07
7.32064e-01,5.62726e+37,2.50547e+09,8.22977e+24,5.63120e+07
7.32064e-01,9.49871e+28,2.06812e+09,7.39359e+17,7.06853e+07
7.32064e-01,1.11387e+29,2.45132e+09,8.71746e+17,8.37760e+07
7.32064e-01,1.25866e+36,4.15378e+15,9.85856e+24,1.41897e+14
7.32064e-01,3.31642e+35,1.09447e+15,2.59761e+24,3.73880e+13
7.32064e-01,1.62764e+43,4.47096e+17,2.27754e+29,1.52732e+16
7.32064e-01,7.64069e+45,5.51402e+20,1.60494e+32,1.62236e+24
7.32064e-01,1.05699e+46,1.14796e+21,2.59910e+32,3.75392e+24
7.32064e-01,1.43810e+46,2.23410e+21,4.16960e+32,7.75330e+24
7.32064e-01,1.97822e+46,3.79868e+21,6.55264e+32,1.35490e+25
7.32064e-01,3.33625e+46,7.09631e+21,1.23822e+33,2.57211e+25
7.32064e-01,5.08532e+46,1.12540e+22,2.04538e+33,4.11559e+25
7.32064e-01,6.48858e+58,2.53480e+30,2.24203e+43,8.66298e+28
7.32064e-01,1.39731e+64,1.77782e+35,5.97012e+48,2.74721e+38
7.32064e-01,1.82234e+65,3.90410e+35,7.77454e+49,5.13177e+38
7.32064e-01,       nan,       nan,       nan,       nan
7.32064e-01,       nan,       nan,       nan,       nan
7.32064e-01,       nan,       nan,       nan,       nan
7.32064e-01,       nan,       nan,       nan,       nan
7.32064e-01,       nan,       nan,       nan,       nan
7.33064e-01,       nan,       nan,       nan,       nan
7.34064e-01,       nan,       nan,       nan,       nan
7.35064e-01,       nan,       nan,       nan,       nan
7.36064e-01,       nan,       nan,       nan,       nan
7.37064e-01,       nan,       nan,       nan,       nan
7.38064e-01,       nan,       nan,       nan,       nan
7.39064e-01,       nan,       nan,       nan,       nan
7.40064e-01,       nan,       nan,       nan,       nan
7.41064e-01,       nan,       nan,       nan,       nan
7.42064e-01,       nan,       nan,       nan,       nan
7.43064e-01,       nan,       nan,       nan,       nan
7.44064e-01,       nan,       nan,       nan,       nan
7.45064e-01,       nan,       nan,       nan,       nan
7.46064e-01,       nan,       nan,       nan,       nan
7.47064e-01,       nan,       nan,       nan,       nan
7.48064e-01,       nan,       nan,       nan,       nan
7.49064e-01,       nan,       nan,       nan,       nan
7.50064e-01,       nan,       nan,       nan,       nan
7.51064e-01,       nan,       nan,       nan,       nan
7.52064e-01,       nan,       nan,       nan,       nan
7.53064e-01,       nan,       nan,       nan,       nan
7.54064e-01,       nan,       nan,       nan,       nan
7.55064e-01,       nan,       nan,       nan,       nan
7.56064e-01,       nan,       nan,       nan,       nan
7.57064e-01,       nan,       nan,       nan,       nan
7.58064e-01,       nan,       nan,       nan,       nan
7.59064e-01,       nan,       nan,       nan,       nan
7.60064e-01,       nan,       nan,       nan,       nan
7.61064e-01,       nan,       nan,       nan,       nan
7.62064e-01,       nan,       nan,       nan,       nan
7.63064e-01,       nan,       nan,       nan,       nan
7.64064e-01,       nan,       nan,       nan,       nan
7.65064e-01,       nan,       nan,       nan,       nan
7.66064e-01,       nan,       nan,       nan,       nan
7.67064e-01,       nan,       nan,       nan,       nan
7.68064e-01,       nan,       nan,       nan,       nan
7.69064e-01,       nan,       nan,       nan,       nan
7.70064e-01,       nan,       nan,       nan,       nan
7.71064e-01,       nan,       nan,       nan,       nan
7.72064e-01,       nan,       nan,       nan,       nan
7.73064e-01,       nan,       nan,       nan,       nan
7.74064e-01,       nan,       nan,       nan,       nan
7.75064e-01,       nan,       nan,       nan,       nan
7.76064e-01,       nan,       nan,       nan,       nan
7.77064e-01,       nan,       nan,       nan,       nan
7.78064e-01,       nan,       nan,       nan,       nan
7.79064e-01,       nan,       nan,       nan,       nan
7.80064e-01,       nan,       nan,       nan,       nan
7.81064e-01,       nan,       nan,       nan,       nan
7.82064e-01,       nan,       nan,       nan,       nan
7.83064e-01,       nan,       nan,       nan,       nan
7.84064e-01,       nan,       nan,       nan,       nan
7.85064e-01,       nan,       nan,       nan,       nan
7.86064e-01,       nan,       nan,       nan,       nan
7.87064e-01,       nan,       nan,       nan,       nan
7.88064e-01,       nan,       nan,       nan,       nan
7.89064e-01,       nan,       nan,       nan,       nan
7.90064e-01,       nan,       nan,       nan,       nan
7.91064e-01,       nan,       nan,       nan,       nan
7.92064e-01,       nan,       nan,       nan,       nan
7.93064e-01,       nan,       nan,       nan,       nan
7.94064e-01,       nan,       nan,       nan,       nan
7.95064e-01,       nan,       nan,       nan,       nan
7.96064e-01,       nan,       nan,       nan,       nan
7.97064e-01,       nan,       nan,       nan,       nan
7.98064e-01,       nan,       nan,       nan,       nan
7.99064e-01,       nan,       nan,       nan,       nan
8.00064e-01,       nan,       nan,       nan,       nan
8.01064e-01,       nan,       nan,       nan,       nan
8.02064e-01,       nan,       nan,       nan,       nan
8.03064e-01,       nan,       nan,       nan,       nan
8.04064e-01,       nan,       nan,       nan,       nan
8.05064e-01,       nan,       nan,       nan,       nan
8.06064e-01,       nan,       nan,       nan,       nan
8.07064e-01,       nan,       nan,       nan,       nan
8.08064e-01,       nan,       nan,       nan,       nan
8.09064e-01,       nan,       nan,       nan,       nan
8.10064e-01,       nan,       nan,       nan,       nan
8.11064e-01,       nan,       nan,       nan,       nan
8.12064e-01,       nan,       nan,       nan,       nan
8.13064e-01,       nan,       nan,       nan,       nan
8.14064e-01,       nan,       nan,       nan,       nan
8.15064e-01,       nan,       nan,       nan,       nan
8.16064e-01,       nan,       nan,       nan,       nan
8.17064e-01,       nan,       nan,       nan,       nan
8.18064e-01,       nan,       nan,       nan,       nan
8.19064e-01,       nan,       nan,       nan,       nan
8.20064e-01,       nan,       nan,       nan,       nan
8.21064e-01,       nan,       nan,       nan,       nan
8.22064e-01,       nan,       nan,       nan,       nan
8.23064e-01,       nan,       nan,       nan,       nan
8.24064e-01,       nan,       nan,       nan,       nan
8.25064e-01,       nan,       nan,       nan,       nan
8.26064e-01,       nan,       nan,       nan,       nan
8.27064e-01,       nan,       nan,       nan,       nan
8.28064e-01,       nan,       nan,       nan,       nan
8.29064e-01,       nan,       nan,       nan,       nan
8.30064e-01,       nan,       nan,       nan,       nan
8.31064e-01,       nan,       nan,       nan,       nan
8.32064e-01,       nan,       nan,       nan,       nan
8.33064e-01,       nan,       nan,       nan,       nan
8.34064e-01,       nan,       nan,       nan,       nan
8.35064e-01,       nan,       nan,       nan,       nan
8.36064e-01,       nan,       nan,       nan,       nan
8.37064e-01,       nan,       nan,       nan,       nan
8.38064e-01,       nan,       nan,       nan,       nan
8.39064e-01,       nan,       nan,       nan,       nan
8.40064e-01,       nan,       nan,       nan,       nan
8.41064e-01,       nan,       nan,       nan,       nan
8.42064e-01,       nan,       nan,       nan,       nan
8.43064e-01,       nan,       nan,       nan,       nan
8.44064e-01,       nan,       nan,       nan,       nan
8.45064e-01,       nan,       nan,       nan,       nan
8.46064e-01,       nan,       nan,       nan,       nan
8.47064e-01,       nan,       nan,       nan,       nan
8.48064e-01,       nan,       nan,       nan,       nan
8.49064e-01,       nan,       nan,       nan,       nan
8.50064e-01,       nan,       nan,       nan,       nan
8.51064e-01,       nan,       nan,       nan,       nan
8.52064e-01,       nan,       nan,       nan,       nan
8.53064e-01,       nan,       nan,       nan,       nan
8.54064e-01,       nan,       nan,       nan,       nan
8.55064e-01,       nan,       nan,       nan,       nan
8.56064e-01,       nan,       nan,       nan,       nan
8.57064e-01,       nan,       nan,       nan,       nan
8.58064e-01,       nan,       nan,       nan,       nan
8.59064e-01,       nan,       nan,       nan,       nan
8.60064e-01,       nan,       nan,       nan,       nan
8.61064e-01,       nan,       nan,       nan,       nan
8.62064e-01,       nan,       nan,       nan,       nan
8.63064e-01,       nan,       nan,       nan,       nan
8.64064e-01,       nan,       nan,       nan,       nan
8.65064e-01,       nan,       nan,       nan,       nan
8.66064e-01,       nan,       nan,       nan,       nan
8.67064e-01,       nan,       nan,       nan,       nan
8.68064e-01,       nan,       nan,       nan,       nan
8.69064e-01,       nan,       nan,       nan,       nan
8.70064e-01,       nan,       nan,       nan,       nan
8.71064e-01,       nan,       nan,       nan,       nan
8.72064e-01,       nan,       nan,       nan,       nan
8.73064e-01,       nan,       nan,       nan,       nan
8.74064e-01,       nan,       nan,       nan,       nan
8.75064e-01,       nan,       nan,       nan,       nan
8.76064e-01,       nan,       nan,       nan,       nan
8.77064e-01,       nan,       nan,       nan,       nan
8.78064e-01,       nan,       nan,       nan,       nan
8.79064e-01,       nan,       nan,       nan,       nan
8.80064e-01,       nan,       nan,       nan,       nan
8.81064e-01,       nan,       nan,       nan,       nan
8.82064e-01,       nan,       nan,       nan,       nan
8.83064e-01,       nan,       nan,       nan,       nan
8.84064e-01,       nan,       nan,       nan,       nan
8.85064e-01,       nan,       nan,       nan,       nan
8.86064e-01,       nan,       nan,       nan,       nan
8.87064e-01,       nan,       nan,       nan,       nan
8.88064e-01,       nan,       nan,       nan,       nan
8.89064e-01,       nan,       nan,       nan,       nan
8.90064e-01,       nan,       nan,       nan,       nan
8.91064e-01,       nan,       nan,       nan,       nan
8.92064e-01,       nan,       nan,       nan,       nan
8.93064e-01,       nan,       nan,       nan,       nan
8.94064e-01,       nan,       nan,       nan,       nan
8.95064e-01,       nan,       nan,       nan,       nan
8.96064e-01,       nan,       nan,       nan,       nan
8.97064e-01,       nan,       nan,       nan,       nan
8.98064e-01,       nan,       nan,       nan,       nan
8.99064e-01,       nan,       nan,       nan,       nan
9.00064e-01,       nan,       nan,       nan,       nan
9.01064e-01,       nan,       nan,       nan,       nan
9.02064e-01,       nan,       nan,       nan,       nan
9.03064e-01,       nan,       nan,       nan,       nan
9.04064e-01,       nan,       nan,       nan,       nan
9.05064e-01,       nan,       nan,       nan,       nan
9.06064e-01,       nan,       nan,       nan,       nan
9.07064e-01,       nan,       nan,       nan,       nan
9.08064e-01,       nan,       nan,       nan,       nan
9.09064e-01,       nan,       nan,       nan,       nan
9.10064e-01,       nan,       nan,       nan,       nan
9.11064e-01,       nan,       nan,       nan,       nan
9.12064e-01,       nan,       nan,       nan,       nan
9.13064e-01,       nan,       nan,       nan,       nan
9.14064e-01,       nan,       nan,       nan,       nan
9.15064e-01,       nan,       nan,       nan,       nan
9.16064e-01,       nan,       nan,       nan,       nan
9.17064e-01,       nan,       nan,       nan,       nan
9.18064e-01,       nan,       nan,       nan,       nan
9.19064e-01,       nan,       nan,       nan,       nan
9.20064e-01,       nan,       nan,       nan,       nan
9.21064e-01,       nan,       nan,       nan,       nan
9.22064e-01,       nan,       nan,       nan,       nan
9.23064e-01,       nan,       nan,       nan,       nan
9.24064e-01,       nan,       nan,       nan,       nan
9.25064e-01,       nan,       nan,       nan,       nan
9.26064e-01,       nan,       nan,       nan,       nan
9.27064e-01,       nan,       nan,       nan,       nan
9.28064e-01,       nan,       nan,       nan,       nan
9.29064e-01,       nan,       nan,       nan,       nan
9.30064e-01,       nan,       nan,       nan,       nan
9.31064e-01,       nan,       nan,       nan,       nan
9.32064e-01,       nan,       nan,       nan,       nan
9.33064e-01,       nan,       nan,       nan,       nan
9.34064e-01,       nan,       nan,       nan,       nan
9.35064e-01,       nan,       nan,       nan,       nan
9.36064e-01,       nan,       nan,       nan,       nan
9.37064e-01,       nan,       nan,       nan,       nan
9.38064e-01,       nan,       nan,       nan,       nan
9.39064e-01,       nan,       nan,       nan,       nan
9.40064e-01,       nan,       nan,       nan,       nan
9.41064e-01,       nan,       nan,       nan,       nan
9.42064e-01,       nan,       nan,       nan,       nan
9.43064e-01,       nan,       nan,       nan,       nan
9.44064e-01,       nan,       nan,       nan,       nan
9.45064e-01,       nan,       nan,       nan,       nan
9.46064e-01,       nan,       nan,       nan,       nan
9.47064e-01,       nan,       nan,       nan,       nan
9.48064e-01,       nan,       nan,       nan,       nan
9.49064e-01,       nan,       nan,       nan,       nan
9.50064e-01,       nan,       nan,       nan,       nan
9.51064e-01,       nan,       nan,       nan,       nan
9.52064e-01,       nan,       nan,       nan,       nan
9.53064e-01,       nan,       nan,       nan,       nan
9.54064e-01,       nan,       nan,       nan,       nan
9.55064e-01,       nan,       nan,       nan,       nan
9.56064e-01,       nan,       nan,       nan,       nan
9.57064e-01,       nan,       nan,       nan,       nan
9.58064e-01,       nan,       nan,       nan,       nan
9.59064e-01,       nan,       nan,       nan,       nan
9.60064e-01,       nan,       nan,       nan,       nan
9.61064e-01,       nan,       nan,       nan,       nan
9.62064e-01,       nan,       nan,       nan,       nan
9.63064e-01,       nan,       nan,       nan,       nan
9.64064e-01,       nan,       nan,       nan,       nan
9.65064e-01,       nan,       nan,       nan,       nan
9.66064e-01,       nan,       nan,       nan,       nan
9.67064e-01,       nan,       nan,       nan,       nan
9.68064e-01,       nan,       nan,       nan,       nan
9.69064e-01,       nan,       nan,       nan,       nan
9.70064e-01,       nan,       nan,       nan,       nan
9.71064e-01,       nan,       nan,       nan,       nan
9.72064e-01,       nan,       nan,       nan,       nan
9.73064e-01,       nan,       nan,       nan,       nan
9.74064e-01,       nan,       nan,       nan,       nan
9.75064e-01,       nan,       nan,       nan,       nan
9.76064e-01,       nan,       nan,       nan,       nan
9.77064e-01,       nan,       nan,       nan,       nan
9.78064e-01,       nan,       nan,       nan,       nan
9.79064e-01,       nan,       nan,       nan,       nan
9.80064e-01,       nan,       nan,       nan,       nan
9.81064e-01,       nan,       nan,       nan,       nan
9.82064e-01,       nan,       nan,       nan,       nan
9.83064e-01,       nan,       nan,       nan,       nan
9.84064e-01,       nan,       nan,       nan,       nan
9.85064e-01,       nan,       nan,       nan,       nan
9.86064e-01,       nan,       nan,       nan,       nan
9.87064e-01,       nan,       nan,       nan,       nan
9.88064e-01,       nan,       nan,       nan,       nan
9.89064e-01,       nan,       nan,       nan,       nan
9.90064e-01,       nan,       nan,       nan,       nan
9.91064e-01,       nan,       nan,       nan,       nan
9.92064e-01,       nan,       nan,       nan,       nan
9.93064e-01,       nan,       nan,       nan,       nan
9.94064e-01,       nan,       nan,       nan,       nan
9.95064e-01,       nan,       nan,       nan,       nan
9.96064e-01,       nan,       nan,       nan,       nan
9.97064e-01,       nan,       nan,       nan,       nan
9.98064e-01,       nan,       nan,       nan,       nan
9.99064e-01,       nan,       nan,       nan,       nan
