0.00000e+00,1.00000e+00,1.00000e+00,1.00000e+00,1.00000e+00,0.00000e+00
8.00000e-04,1.00000e+00,1.00000e+00,9.99994e-01,1.00000e+00,0.00000e+00
1.60000e-03,1.00000e+00,1.00000e+00,1.00001e+00,1.00000e+00,0.00000e+00
2.40000e-03,1.00001e+00,1.00001e+00,1.00002e+00,1.00000e+00,0.00000e+00
3.20000e-03,1.00001e+00,1.00001e+00,1.00004e+00,1.00000e+00,0.00000e+00
4.00000e-03,1.00001e+00,1.00001e+00,1.00008e+00,1.00000e+00,0.00000e+00
5.00000e-03,1.00002e+00,1.00002e+00,1.00012e+00,1.00000e+00,0.00000e+00
6.00000e-03,1.00002e+00,1.00002e+00,1.00017e+00,1.00000e+00,0.00000e+00
7.00000e-03,1.00002e+00,1.00002e+00,1.00022e+00,1.00000e+00,0.00000e+00
8.00000e-03,1.00002e+00,1.00002e+00,1.00028e+00,1.00000e+00,0.00000e+00
9.00000e-03,1.00002e+00,1.00002e+00,1.00037e+00,1.00000e+00,0.00000e+00
1.00000e-02,1.00002e+00,1.00001e+00,1.00050e+00,1.00000e+00,0.00000e+00
1.10000e-02,1.00001e+00,1.00001e+00,1.00068e+00,1.00000e+00,0.00000e+00
1.20000e-02,1.00001e+00,1.00001e+00,1.00091e+00,1.00000e+00,0.00000e+00
1.30000e-02,1.00001e+00,1.00000e+00,1.00120e+00,1.00000e+00,0.00000e+00
1.40000e-02,1.00000e+00,1.00000e+00,1.00153e+00,1.00000e+00,0.00000e+00
1.50000e-02,1.00000e+00,9.99996e-01,1.00190e+00,1.00000e+00,0.00000e+00
1.60000e-02,9.99998e-01,9.99992e-01,1.00228e+00,1.00000e+00,0.00000e+00
1.70000e-02,9.99996e-01,9.99989e-01,1.00266e+00,1.00000e+00,0.00000e+00
1.80000e-02,9.99994e-01,9.99986e-01,1.00303e+00,1.00000e+00,0.00000e+00
1.90000e-02,9.99993e-01,9.99983e-01,1.00337e+00,1.00000e+00,0.00000e+00
2.00000e-02,9.99992e-01,9.99982e-01,1.00367e+00,1.00000e+00,0.00000e+00
2.10000e-02,9.99992e-01,9.99981e-01,1.00394e+00,1.00000e+00,0.00000e+00
2.20000e-02,9.99992e-01,9.99980e-01,1.00415e+00,1.00000e+00,0.00000e+00
2.30000e-02,9.99993e-01,9.99981e-01,1.00431e+00,1.00000e+00,0.00000e+00
2.40000e-02,9.99994e-01,9.99982e-01,1.00441e+00,1.00000e+00,0.00000e+00
2.50000e-02,9.99996e-01,9.99983e-01,1.00446e+00,1.00000e+00,0.00000e+00
2.60000e-02,9.99998e-01,9.99985e-01,1.00445e+00,1.00000e+00,0.00000e+00
2.70000e-02,1.00000e+00,9.99987e-01,1.00439e+00,1.00000e+00,0.00000e+00
2.80000e-02,1.00000e+00,9.99990e-01,1.00428e+00,1.00000e+00,0.00000e+00
2.90000e-02,1.00000e+00,9.99992e-01,1.00411e+00,1.00000e+00,0.00000e+00
3.00000e-02,1.00001e+00,9.99995e-01,1.00391e+00,1.00000e+00,0.00000e+00
3.10000e-02,1.00001e+00,9.99997e-01,1.00366e+00,1.00000e+00,0.00000e+00
3.20000e-02,1.00001e+00,9.99999e-01,1.00338e+00,1.00000e+00,0.00000e+00
3.30000e-02,1.00001e+00,1.00000e+00,1.00308e+00,1.00000e+00,0.00000e+00
3.40000e-02,1.00001e+00,1.00000e+00,1.00276e+00,1.00000e+00,0.00000e+00
3.50000e-02,1.00001e+00,1.00000e+00,1.00243e+00,1.00000e+00,0.00000e+00
3.60000e-02,1.00001e+00,1.00000e+00,1.00210e+00,1.00000e+00,0.00000e+00
3.70000e-02,1.00001e+00,1.00000e+00,1.00176e+00,1.00000e+00,0.00000e+00
3.80000e-02,1.00001e+00,1.00000e+00,1.00144e+00,1.00000e+00,0.00000e+00
3.90000e-02,1.00001e+00,1.00000e+00,1.00112e+00,1.00000e+00,0.00000e+00
4.00000e-02,1.00000e+00,1.00000e+00,1.00083e+00,1.00000e+00,0.00000e+00
4.10000e-02,1.00000e+00,1.00000e+00,1.00055e+00,1.00000e+00,0.00000e+00
4.20000e-02,9.99999e-01,9.99998e-01,1.00030e+00,1.00000e+00,0.00000e+00
4.30000e-02,9.99996e-01,9.99996e-01,1.00008e+00,1.00000e+00,0.00000e+00
4.40000e-02,9.99994e-01,9.99994e-01,9.99878e-01,1.00000e+00,0.00000e+00
4.50000e-02,9.99991e-01,9.99992e-01,9.99707e-01,1.00000e+00,0.00000e+00
4.60000e-02,9.99989e-01,9.99990e-01,9.99563e-01,1.00000e+00,0.00000e+00
4.70000e-02,9.99987e-01,9.99988e-01,9.99443e-01,1.00000e+00,0.00000e+00
4.80000e-02,9.99985e-01,9.99987e-01,9.99347e-01,1.00000e+00,0.00000e+00
4.90000e-02,9.99984e-01,9.99986e-01,9.99272e-01,1.00000e+00,0.00000e+00
5.00000e-02,9.99983e-01,9.99985e-01,9.99214e-01,1.00000e+00,0.00000e+00
5.10000e-02,9.99983e-01,9.99985e-01,9.99171e-01,1.00000e+00,0.00000e+00
5.20000e-02,9.99982e-01,9.99985e-01,9.99141e-01,1.00000e+00,0.00000e+00
5.30000e-02,9.99983e-01,9.99985e-01,9.99120e-01,1.00000e+00,0.00000e+00
5.40000e-02,9.99983e-01,9.99986e-01,9.99107e-01,1.00000e+00,0.00000e+00
5.50000e-02,9.99984e-01,9.99987e-01,9.99098e-01,1.00000e+00,0.00000e+00
5.60000e-02,9.99985e-01,9.99988e-01,9.99091e-01,1.00000e+00,0.00000e+00
5.70000e-02,9.99987e-01,9.99989e-01,9.99086e-01,1.00000e+00,0.00000e+00
5.80000e-02,9.99988e-01,9.99990e-01,9.99081e-01,1.00000e+00,0.00000e+00
5.90000e-02,9.99989e-01,9.99992e-01,9.99075e-01,1.00000e+00,0.00000e+00
6.00000e-02,9.99990e-01,9.99993e-01,9.99068e-01,1.00000e+00,0.00000e+00
6.10000e-02,9.99992e-01,9.99994e-01,9.99058e-01,1.00000e+00,0.00000e+00
6.20000e-02,9.99993e-01,9.99995e-01,9.99048e-01,1.00000e+00,0.00000e+00
6.30000e-02,9.99993e-01,9.99996e-01,9.99036e-01,1.00000e+00,0.00000e+00
6.40000e-02,9.99994e-01,9.99997e-01,9.99023e-01,1.00000e+00,0.00000e+00
6.50000e-02,9.99994e-01,9.99997e-01,9.99010e-01,1.00000e+00,0.00000e+00
6.60000e-02,9.99995e-01,9.99997e-01,9.98997e-01,1.00000e+00,0.00000e+00
6.70000e-02,9.99995e-01,9.99997e-01,9.98986e-01,1.00000e+00,0.00000e+00
6.80000e-02,9.99994e-01,9.99997e-01,9.98977e-01,1.00000e+00,0.00000e+00
6.90000e-02,9.99994e-01,9.99997e-01,9.98972e-01,1.00000e+00,0.00000e+00
7.00000e-02,9.99993e-01,9.99996e-01,9.98971e-01,1.00000e+00,0.00000e+00
7.10000e-02,9.99992e-01,9.99995e-01,9.98976e-01,1.00000e+00,0.00000e+00
7.20000e-02,9.99992e-01,9.99994e-01,9.98987e-01,1.00000e+00,0.00000e+00
7.30000e-02,9.99991e-01,9.99993e-01,9.99005e-01,1.00000e+00,0.00000e+00
7.40000e-02,9.99990e-01,9.99993e-01,9.99031e-01,1.00000e+00,0.00000e+00
7.50000e-02,9.99989e-01,9.99992e-01,9.99067e-01,1.00000e+00,0.00000e+00
7.60000e-02,9.99988e-01,9.99991e-01,9.99113e-01,1.00000e+00,0.00000e+00
7.70000e-02,9.99988e-01,9.99990e-01,9.99168e-01,1.00000e+00,0.00000e+00
7.80000e-02,9.99987e-01,9.99990e-01,9.99234e-01,1.00000e+00,0.00000e+00
7.90000e-02,9.99987e-01,9.99989e-01,9.99311e-01,1.00000e+00,0.00000e+00
8.00000e-02,9.99987e-01,9.99989e-01,9.99397e-01,1.00000e+00,0.00000e+00
8.10000e-02,9.99987e-01,9.99989e-01,9.99494e-01,1.00000e+00,0.00000e+00
8.20000e-02,9.99988e-01,9.99989e-01,9.99600e-01,1.00000e+00,0.00000e+00
8.30000e-02,9.99988e-01,9.99989e-01,9.99714e-01,1.00000e+00,0.00000e+00
8.40000e-02,9.99989e-01,9.99989e-01,9.99834e-01,1.00000e+00,0.00000e+00
8.50000e-02,9.99990e-01,9.99990e-01,9.99960e-01,1.00000e+00,0.00000e+00
8.60000e-02,9.99991e-01,9.99990e-01,1.00009e+00,1.00000e+00,0.00000e+00
8.70000e-02,9.99992e-01,9.99991e-01,1.00022e+00,1.00000e+00,0.00000e+00
8.80000e-02,9.99992e-01,9.99991e-01,1.00036e+00,1.00000e+00,0.00000e+00
8.90000e-02,9.99993e-01,9.99992e-01,1.00049e+00,1.00000e+00,0.00000e+00
9.00000e-02,9.99994e-01,9.99993e-01,1.00061e+00,1.00000e+00,0.00000e+00
9.10000e-02,9.99995e-01,9.99993e-01,1.00074e+00,1.00000e+00,0.00000e+00
9.20000e-02,9.99996e-01,9.99994e-01,1.00085e+00,1.00000e+00,0.00000e+00
9.30000e-02,9.99997e-01,9.99994e-01,1.00096e+00,1.00000e+00,0.00000e+00
9.40000e-02,9.99997e-01,9.99994e-01,1.00106e+00,1.00000e+00,0.00000e+00
9.50000e-02,9.99997e-01,9.99994e-01,1.00115e+00,1.00000e+00,0.00000e+00
9.60000e-02,9.99998e-01,9.99994e-01,1.00123e+00,1.00000e+00,0.00000e+00
9.70000e-02,9.99998e-01,9.99994e-01,1.00130e+00,1.00000e+00,0.00000e+00
9.80000e-02,9.99998e-01,9.99994e-01,1.00135e+00,1.00000e+00,0.00000e+00
9.90000e-02,9.99998e-01,9.99994e-01,1.00139e+00,1.00000e+00,0.00000e+00
1.00000e-01,9.99997e-01,9.99993e-01,1.00142e+00,1.00000e+00,0.00000e+00
1.01000e-01,9.99997e-01,9.99993e-01,1.00144e+00,1.00000e+00,0.00000e+00
1.02000e-01,9.99997e-01,9.99992e-01,1.00145e+00,1.00000e+00,0.00000e+00
1.03000e-01,9.99996e-01,9.99992e-01,1.00145e+00,1.00000e+00,0.00000e+00
1.04000e-01,9.99996e-01,9.99992e-01,1.00144e+00,1.00000e+00,0.00000e+00
1.05000e-01,9.99995e-01,9.99991e-01,1.00143e+00,1.00000e+00,0.00000e+00
1.06000e-01,9.99995e-01,9.99991e-01,1.00140e+00,1.00000e+00,0.00000e+00
1.07000e-01,9.99995e-01,9.99991e-01,1.00137e+00,1.00000e+00,0.00000e+00
1.08000e-01,9.99994e-01,9.99990e-01,1.00133e+00,1.00000e+00,0.00000e+00
1.09000e-01,9.99994e-01,9.99990e-01,1.00129e+00,1.00000e+00,0.00000e+00
1.10000e-01,9.99994e-01,9.99990e-01,1.00125e+00,1.00000e+00,0.00000e+00
1.11000e-01,9.99994e-01,9.99990e-01,1.00120e+00,1.00000e+00,0.00000e+00
1.12000e-01,9.99994e-01,9.99990e-01,1.00115e+00,1.00000e+00,0.00000e+00
1.13000e-01,9.99994e-01,9.99991e-01,1.00110e+00,1.00000e+00,0.00000e+00
1.14000e-01,9.99994e-01,9.99991e-01,1.00105e+00,1.00000e+00,0.00000e+00
1.15000e-01,9.99994e-01,9.99991e-01,1.00100e+00,1.00000e+00,0.00000e+00
1.16000e-01,9.99994e-01,9.99991e-01,1.00095e+00,1.00000e+00,0.00000e+00
1.17000e-01,9.99994e-01,9.99992e-01,1.00090e+00,1.00000e+00,0.00000e+00
1.18000e-01,9.99994e-01,9.99992e-01,1.00085e+00,1.00000e+00,0.00000e+00
1.19000e-01,9.99994e-01,9.99992e-01,1.00080e+00,1.00000e+00,0.00000e+00
1.20000e-01,9.99994e-01,9.99992e-01,1.00075e+00,1.00000e+00,0.00000e+00
1.21000e-01,9.99994e-01,9.99992e-01,1.00070e+00,1.00000e+00,0.00000e+00
1.22000e-01,9.99995e-01,9.99993e-01,1.00066e+00,1.00000e+00,0.00000e+00
1.23000e-01,9.99994e-01,9.99993e-01,1.00061e+00,1.00000e+00,0.00000e+00
1.24000e-01,9.99994e-01,9.99993e-01,1.00056e+00,1.00000e+00,0.00000e+00
1.25000e-01,9.99994e-01,9.99993e-01,1.00052e+00,1.00000e+00,0.00000e+00
1.26000e-01,9.99994e-01,9.99993e-01,1.00047e+00,1.00000e+00,0.00000e+00
1.27000e-01,9.99994e-01,9.99993e-01,1.00043e+00,1.00000e+00,0.00000e+00
1.28000e-01,9.99994e-01,9.99992e-01,1.00038e+00,1.00000e+00,0.00000e+00
1.29000e-01,9.99993e-01,9.99992e-01,1.00034e+00,1.00000e+00,0.00000e+00
1.30000e-01,9.99993e-01,9.99992e-01,1.00029e+00,1.00000e+00,0.00000e+00
1.31000e-01,9.99993e-01,9.99992e-01,1.00024e+00,1.00000e+00,0.00000e+00
1.32000e-01,9.99992e-01,9.99992e-01,1.00020e+00,1.00000e+00,0.00000e+00
1.33000e-01,9.99992e-01,9.99992e-01,1.00015e+00,1.00000e+00,0.00000e+00
1.34000e-01,9.99992e-01,9.99991e-01,1.00011e+00,1.00000e+00,0.00000e+00
1.35000e-01,9.99991e-01,9.99991e-01,1.00007e+00,1.00000e+00,0.00000e+00
1.36000e-01,9.99991e-01,9.99991e-01,1.00003e+00,1.00000e+00,0.00000e+00
1.37000e-01,9.99991e-01,9.99991e-01,9.99985e-01,1.00000e+00,0.00000e+00
1.38000e-01,9.99991e-01,9.99991e-01,9.99948e-01,1.00000e+00,0.00000e+00
1.39000e-01,9.99991e-01,9.99991e-01,9.99957e-01,1.00000e+00,0.00000e+00
1.40000e-01,9.99991e-01,9.99992e-01,9.99952e-01,1.00000e+00,0.00000e+00
1.41000e-01,9.99992e-01,9.99992e-01,9.99983e-01,1.00000e+00,0.00000e+00
1.42000e-01,9.99992e-01,9.99992e-01,1.00000e+00,1.00000e+00,0.00000e+00
1.43000e-01,9.99993e-01,9.99993e-01,1.00002e+00,1.00000e+00,0.00000e+00
1.44000e-01,9.99993e-01,9.99993e-01,1.00000e+00,1.00000e+00,0.00000e+00
1.45000e-01,9.99993e-01,9.99993e-01,9.99983e-01,1.00000e+00,0.00000e+00
1.46000e-01,9.99993e-01,9.99993e-01,9.99933e-01,1.00000e+00,0.00000e+00
1.47000e-01,9.99993e-01,9.99993e-01,9.99955e-01,1.00000e+00,0.00000e+00
1.48000e-01,9.99993e-01,9.99993e-01,9.99969e-01,1.00000e+00,0.00000e+00
1.49000e-01,9.99993e-01,9.99993e-01,9.99982e-01,1.00000e+00,0.00000e+00
1.50000e-01,9.99994e-01,9.99994e-01,1.00001e+00,1.00000e+00,0.00000e+00
1.51000e-01,9.99994e-01,9.99994e-01,1.00004e+00,1.00000e+00,0.00000e+00
1.52000e-01,9.99994e-01,9.99994e-01,1.00012e+00,1.00000e+00,0.00000e+00
1.53000e-01,9.99995e-01,9.99994e-01,1.00017e+00,1.00000e+00,0.00000e+00
1.54000e-01,9.99994e-01,9.99994e-01,1.00021e+00,1.00000e+00,0.00000e+00
1.55000e-01,9.99994e-01,9.99994e-01,1.00022e+00,1.00000e+00,0.00000e+00
1.56000e-01,9.99994e-01,9.99994e-01,1.00030e+00,1.00000e+00,0.00000e+00
1.57000e-01,9.99994e-01,9.99993e-01,1.00034e+00,1.00000e+00,0.00000e+00
1.58000e-01,9.99994e-01,9.99993e-01,1.00036e+00,1.00000e+00,0.00000e+00
1.59000e-01,9.99994e-01,9.99993e-01,1.00040e+00,1.00000e+00,0.00000e+00
1.60000e-01,9.99994e-01,9.99993e-01,1.00045e+00,1.00000e+00,0.00000e+00
1.61000e-01,9.99995e-01,9.99993e-01,1.00054e+00,1.00000e+00,0.00000e+00
1.62000e-01,9.99995e-01,9.99994e-01,1.00063e+00,1.00000e+00,0.00000e+00
1.63000e-01,9.99996e-01,9.99994e-01,1.00069e+00,1.00000e+00,0.00000e+00
1.64000e-01,9.99996e-01,9.99994e-01,1.00074e+00,1.00000e+00,0.00000e+00
1.65000e-01,9.99996e-01,9.99994e-01,1.00077e+00,1.00000e+00,0.00000e+00
1.66000e-01,9.99996e-01,9.99993e-01,1.00081e+00,1.00000e+00,0.00000e+00
1.67000e-01,9.99996e-01,9.99994e-01,1.00088e+00,1.00000e+00,0.00000e+00
1.68000e-01,9.99997e-01,9.99994e-01,1.00095e+00,1.00000e+00,0.00000e+00
1.69000e-01,9.99997e-01,9.99994e-01,1.00102e+00,1.00000e+00,0.00000e+00
1.70000e-01,9.99997e-01,9.99994e-01,1.00107e+00,1.00000e+00,0.00000e+00
1.71000e-01,9.99996e-01,9.99993e-01,1.00108e+00,1.00000e+00,0.00000e+00
1.72000e-01,9.99996e-01,9.99993e-01,1.00108e+00,1.00000e+00,0.00000e+00
1.73000e-01,9.99996e-01,9.99993e-01,1.00109e+00,1.00000e+00,0.00000e+00
1.74000e-01,9.99996e-01,9.99993e-01,1.00109e+00,1.00000e+00,0.00000e+00
1.75000e-01,9.99996e-01,9.99992e-01,1.00110e+00,1.00000e+00,0.00000e+00
1.76000e-01,9.99996e-01,9.99992e-01,1.00112e+00,1.00000e+00,0.00000e+00
1.77000e-01,9.99996e-01,9.99993e-01,1.00122e+00,1.00000e+00,0.00000e+00
1.78000e-01,9.99997e-01,9.99993e-01,1.00131e+00,1.00000e+00,0.00000e+00
1.79000e-01,9.99998e-01,9.99994e-01,1.00143e+00,1.00000e+00,0.00000e+00
1.80000e-01,9.99998e-01,9.99994e-01,1.00147e+00,1.00000e+00,0.00000e+00
1.81000e-01,9.99998e-01,9.99994e-01,1.00146e+00,1.00000e+00,0.00000e+00
1.82000e-01,9.99997e-01,9.99993e-01,1.00143e+00,1.00000e+00,0.00000e+00
1.83000e-01,9.99997e-01,9.99993e-01,1.00141e+00,1.00000e+00,0.00000e+00
1.84000e-01,9.99997e-01,9.99993e-01,1.00139e+00,1.00000e+00,0.00000e+00
1.85000e-01,9.99997e-01,9.99993e-01,1.00142e+00,1.00000e+00,0.00000e+00
1.86000e-01,9.99998e-01,9.99994e-01,1.00151e+00,1.00000e+00,0.00000e+00
1.87000e-01,9.99999e-01,9.99994e-01,1.00161e+00,1.00000e+00,0.00000e+00
1.88000e-01,9.99998e-01,9.99994e-01,1.00160e+00,1.00000e+00,0.00000e+00
1.89000e-01,9.99998e-01,9.99993e-01,1.00154e+00,1.00000e+00,0.00000e+00
1.90000e-01,9.99997e-01,9.99993e-01,1.00151e+00,1.00000e+00,0.00000e+00
1.91000e-01,9.99998e-01,9.99993e-01,1.00160e+00,1.00000e+00,0.00000e+00
1.92000e-01,9.99998e-01,9.99994e-01,1.00167e+00,1.00000e+00,0.00000e+00
1.93000e-01,9.99999e-01,9.99994e-01,1.00168e+00,1.00000e+00,0.00000e+00
1.94000e-01,9.99999e-01,9.99994e-01,1.00167e+00,1.00000e+00,0.00000e+00
1.95000e-01,9.99999e-01,9.99994e-01,1.00167e+00,1.00000e+00,0.00000e+00
1.96000e-01,9.99998e-01,9.99994e-01,1.00161e+00,1.00000e+00,0.00000e+00
1.97000e-01,9.99998e-01,9.99993e-01,1.00155e+00,1.00000e+00,0.00000e+00
1.98000e-01,9.99997e-01,9.99993e-01,1.00150e+00,1.00000e+00,0.00000e+00
1.99000e-01,9.99997e-01,9.99993e-01,1.00147e+00,1.00000e+00,0.00000e+00
2.00000e-01,9.99996e-01,9.99992e-01,1.00145e+00,1.00000e+00,0.00000e+00
2.01000e-01,9.99997e-01,9.99993e-01,1.00151e+00,1.00000e+00,0.00000e+00
2.02000e-01,1.00000e+00,9.99995e-01,1.00228e+00,1.00000e+00,0.00000e+00
2.03000e-01,1.00000e+00,9.99995e-01,1.00214e+00,1.00000e+00,0.00000e+00
2.04000e-01,9.99999e-01,9.99994e-01,1.00186e+00,1.00000e+00,0.00000e+00
2.05000e-01,9.99998e-01,9.99993e-01,1.00170e+00,1.00000e+00,0.00000e+00
2.06000e-01,9.99997e-01,9.99992e-01,1.00163e+00,1.00000e+00,0.00000e+00
2.07000e-01,9.99996e-01,9.99992e-01,1.00157e+00,1.00000e+00,0.00000e+00
2.08000e-01,9.99996e-01,9.99991e-01,1.00151e+00,1.00000e+00,0.00000e+00
2.09000e-01,9.99995e-01,9.99991e-01,1.00144e+00,1.00000e+00,0.00000e+00
2.10000e-01,9.99996e-01,9.99992e-01,1.00150e+00,1.00000e+00,0.00000e+00
2.11000e-01,9.99997e-01,9.99992e-01,1.00154e+00,1.00000e+00,0.00000e+00
2.12000e-01,9.99997e-01,9.99992e-01,1.00151e+00,1.00000e+00,0.00000e+00
2.13000e-01,9.99996e-01,9.99992e-01,1.00144e+00,1.00000e+00,0.00000e+00
2.14000e-01,9.99996e-01,9.99992e-01,1.00151e+00,1.00000e+00,0.00000e+00
2.15000e-01,9.99997e-01,9.99992e-01,1.00151e+00,1.00000e+00,0.00000e+00
2.16000e-01,9.99997e-01,9.99993e-01,1.00148e+00,1.00000e+00,0.00000e+00
2.17000e-01,9.99997e-01,9.99993e-01,1.00151e+00,1.00000e+00,0.00000e+00
2.18000e-01,1.00000e+00,9.99995e-01,1.00206e+00,1.00000e+00,0.00000e+00
2.19000e-01,1.00000e+00,9.99995e-01,1.00187e+00,1.00000e+00,0.00000e+00
2.20000e-01,9.99999e-01,9.99994e-01,1.00170e+00,1.00000e+00,0.00000e+00
2.21000e-01,9.99998e-01,9.99993e-01,1.00160e+00,1.00000e+00,0.00000e+00
2.22000e-01,9.99997e-01,9.99993e-01,1.00155e+00,1.00000e+00,0.00000e+00
2.23000e-01,9.99996e-01,9.99992e-01,1.00153e+00,1.00000e+00,0.00000e+00
2.24000e-01,9.99997e-01,9.99993e-01,1.00157e+00,1.00000e+00,0.00000e+00
2.25000e-01,9.99999e-01,9.99994e-01,1.00186e+00,1.00000e+00,0.00000e+00
2.26000e-01,9.99999e-01,9.99994e-01,1.00193e+00,1.00000e+00,0.00000e+00
2.27000e-01,1.00000e+00,9.99994e-01,1.00199e+00,1.00000e+00,0.00000e+00
2.28000e-01,1.00000e+00,9.99994e-01,1.00207e+00,1.00000e+00,0.00000e+00
2.29000e-01,9.99998e-01,9.99993e-01,1.00192e+00,1.00000e+00,0.00000e+00
2.30000e-01,9.99997e-01,9.99992e-01,1.00179e+00,1.00000e+00,0.00000e+00
2.31000e-01,9.99997e-01,9.99991e-01,1.00183e+00,1.00000e+00,0.00000e+00
2.32000e-01,9.99996e-01,9.99991e-01,1.00189e+00,1.00000e+00,0.00000e+00
2.33000e-01,9.99996e-01,9.99991e-01,1.00186e+00,1.00000e+00,0.00000e+00
2.34000e-01,9.99996e-01,9.99990e-01,1.00183e+00,1.00000e+00,0.00000e+00
2.35000e-01,9.99995e-01,9.99990e-01,1.00181e+00,1.00000e+00,0.00000e+00
2.36000e-01,9.99995e-01,9.99990e-01,1.00190e+00,1.00000e+00,0.00000e+00
2.37000e-01,9.99997e-01,9.99991e-01,1.00217e+00,1.00000e+00,0.00000e+00
2.38000e-01,9.99997e-01,9.99991e-01,1.00220e+00,1.00000e+00,0.00000e+00
2.39000e-01,9.99997e-01,9.99991e-01,1.00212e+00,1.00000e+00,0.00000e+00
2.40000e-01,9.99997e-01,9.99991e-01,1.00205e+00,1.00000e+00,0.00000e+00
2.41000e-01,9.99997e-01,9.99991e-01,1.00200e+00,1.00000e+00,0.00000e+00
2.42000e-01,9.99997e-01,9.99992e-01,1.00200e+00,1.00000e+00,0.00000e+00
2.43000e-01,9.99998e-01,9.99992e-01,1.00199e+00,1.00000e+00,0.00000e+00
2.44000e-01,9.99997e-01,9.99992e-01,1.00194e+00,1.00000e+00,0.00000e+00
2.45000e-01,9.99997e-01,9.99992e-01,1.00189e+00,1.00000e+00,0.00000e+00
2.46000e-01,9.99997e-01,9.99991e-01,1.00186e+00,1.00000e+00,0.00000e+00
2.47000e-01,9.99997e-01,9.99991e-01,1.00192e+00,1.00000e+00,0.00000e+00
2.48000e-01,9.99996e-01,9.99991e-01,1.00191e+00,1.00000e+00,0.00000e+00
2.49000e-01,9.99996e-01,9.99991e-01,1.00185e+00,1.00000e+00,0.00000e+00
2.50000e-01,9.99995e-01,9.99990e-01,1.00182e+00,1.00000e+00,0.00000e+00
2.51000e-01,9.99998e-01,9.99991e-01,1.00226e+00,1.00000e+00,0.00000e+00
2.52000e-01,9.99997e-01,9.99991e-01,1.00228e+00,1.00000e+00,0.00000e+00
2.53000e-01,9.99997e-01,9.99990e-01,1.00223e+00,1.00000e+00,0.00000e+00
2.54000e-01,9.99996e-01,9.99990e-01,1.00222e+00,1.00000e+00,0.00000e+00
2.55000e-01,9.99997e-01,9.99991e-01,1.00233e+00,1.00000e+00,0.00000e+00
2.56000e-01,9.99998e-01,9.99991e-01,1.00243e+00,1.00000e+00,0.00000e+00
2.57000e-01,9.99998e-01,9.99992e-01,1.00241e+00,1.00000e+00,0.00000e+00
2.58000e-01,9.99998e-01,9.99992e-01,1.00235e+00,1.00000e+00,0.00000e+00
2.59000e-01,1.00000e+00,9.99993e-01,1.00250e+00,1.00000e+00,0.00000e+00
2.60000e-01,1.00000e+00,9.99993e-01,1.00245e+00,1.00000e+00,0.00000e+00
2.61000e-01,1.00000e+00,9.99993e-01,1.00239e+00,1.00000e+00,0.00000e+00
2.62000e-01,9.99999e-01,9.99993e-01,1.00230e+00,1.00000e+00,0.00000e+00
2.63000e-01,9.99998e-01,9.99992e-01,1.00222e+00,1.00000e+00,0.00000e+00
2.64000e-01,9.99998e-01,9.99992e-01,1.00216e+00,1.00000e+00,0.00000e+00
2.65000e-01,9.99997e-01,9.99991e-01,1.00210e+00,1.00000e+00,0.00000e+00
2.66000e-01,1.00000e+00,9.99993e-01,1.00255e+00,1.00000e+00,0.00000e+00
2.67000e-01,9.99999e-01,9.99992e-01,1.00248e+00,1.00000e+00,0.00000e+00
2.68000e-01,9.99997e-01,9.99991e-01,1.00232e+00,1.00000e+00,0.00000e+00
2.69000e-01,9.99995e-01,9.99989e-01,1.00219e+00,1.00000e+00,0.00000e+00
2.70000e-01,9.99994e-01,9.99988e-01,1.00210e+00,1.00000e+00,0.00000e+00
2.71000e-01,9.99994e-01,9.99988e-01,1.00216e+00,1.00000e+00,0.00000e+00
2.72000e-01,9.99993e-01,9.99987e-01,1.00216e+00,1.00000e+00,0.00000e+00
2.73000e-01,9.99993e-01,9.99987e-01,1.00212e+00,1.00000e+00,0.00000e+00
2.74000e-01,9.99993e-01,9.99987e-01,1.00207e+00,1.00000e+00,0.00000e+00
2.75000e-01,9.99993e-01,9.99987e-01,1.00207e+00,1.00000e+00,0.00000e+00
2.76000e-01,9.99993e-01,9.99988e-01,1.00208e+00,1.00000e+00,0.00000e+00
2.77000e-01,9.99994e-01,9.99988e-01,1.00206e+00,1.00000e+00,0.00000e+00
2.78000e-01,9.99994e-01,9.99988e-01,1.00201e+00,1.00000e+00,0.00000e+00
2.79000e-01,9.99994e-01,9.99989e-01,1.00195e+00,1.00000e+00,0.00000e+00
2.80000e-01,9.99993e-01,9.99988e-01,1.00172e+00,1.00000e+00,0.00000e+00
2.81000e-01,9.99994e-01,9.99989e-01,1.00166e+00,1.00000e+00,0.00000e+00
2.82000e-01,9.99995e-01,9.99990e-01,1.00171e+00,1.00000e+00,0.00000e+00
2.83000e-01,9.99995e-01,9.99990e-01,1.00174e+00,1.00000e+00,0.00000e+00
2.84000e-01,9.99995e-01,9.99990e-01,1.00170e+00,1.00000e+00,0.00000e+00
2.85000e-01,9.99995e-01,9.99990e-01,1.00162e+00,1.00000e+00,0.00000e+00
2.86000e-01,9.99994e-01,9.99990e-01,1.00158e+00,1.00000e+00,0.00000e+00
2.87000e-01,9.99994e-01,9.99989e-01,1.00152e+00,1.00000e+00,0.00000e+00
2.88000e-01,9.99993e-01,9.99989e-01,1.00145e+00,1.00000e+00,0.00000e+00
2.89000e-01,9.99992e-01,9.99988e-01,1.00137e+00,1.00000e+00,0.00000e+00
2.90000e-01,9.99994e-01,9.99989e-01,1.00146e+00,1.00000e+00,0.00000e+00
2.91000e-01,9.99994e-01,9.99990e-01,1.00139e+00,1.00000e+00,0.00000e+00
2.92000e-01,9.99993e-01,9.99989e-01,1.00139e+00,1.00000e+00,0.00000e+00
2.93000e-01,9.99992e-01,9.99989e-01,1.00138e+00,1.00000e+00,0.00000e+00
2.94000e-01,9.99992e-01,9.99988e-01,1.00134e+00,1.00000e+00,0.00000e+00
2.95000e-01,9.99991e-01,9.99987e-01,1.00128e+00,1.00000e+00,0.00000e+00
2.96000e-01,9.99990e-01,9.99987e-01,1.00122e+00,1.00000e+00,0.00000e+00
2.97000e-01,9.99990e-01,9.99987e-01,1.00119e+00,1.00000e+00,0.00000e+00
2.98000e-01,9.99990e-01,9.99987e-01,1.00119e+00,1.00000e+00,0.00000e+00
2.99000e-01,9.99990e-01,9.99987e-01,1.00113e+00,1.00000e+00,0.00000e+00
3.00000e-01,9.99990e-01,9.99987e-01,1.00109e+00,1.00000e+00,0.00000e+00
3.01000e-01,9.99990e-01,9.99987e-01,1.00106e+00,1.00000e+00,0.00000e+00
3.02000e-01,9.99990e-01,9.99987e-01,1.00101e+00,1.00000e+00,0.00000e+00
3.03000e-01,9.99990e-01,9.99988e-01,1.00099e+00,1.00000e+00,0.00000e+00
3.04000e-01,9.99990e-01,9.99988e-01,1.00096e+00,1.00000e+00,0.00000e+00
3.05000e-01,9.99990e-01,9.99988e-01,1.00092e+00,1.00000e+00,0.00000e+00
3.06000e-01,9.99991e-01,9.99988e-01,1.00091e+00,1.00000e+00,0.00000e+00
3.07000e-01,9.99991e-01,9.99988e-01,1.00089e+00,1.00000e+00,0.00000e+00
3.08000e-01,9.99990e-01,9.99988e-01,1.00084e+00,1.00000e+00,0.00000e+00
3.09000e-01,9.99990e-01,9.99988e-01,1.00081e+00,1.00000e+00,0.00000e+00
3.10000e-01,9.99990e-01,9.99988e-01,1.00080e+00,1.00000e+00,0.00000e+00
3.11000e-01,9.99990e-01,9.99988e-01,1.00078e+00,1.00000e+00,0.00000e+00
3.12000e-01,9.99990e-01,9.99987e-01,1.00077e+00,1.00000e+00,0.00000e+00
3.13000e-01,9.99991e-01,9.99988e-01,1.00078e+00,1.00000e+00,0.00000e+00
3.14000e-01,9.99991e-01,9.99989e-01,1.00072e+00,1.00000e+00,0.00000e+00
3.15000e-01,9.99992e-01,9.99989e-01,1.00075e+00,1.00000e+00,0.00000e+00
3.16000e-01,9.99991e-01,9.99989e-01,1.00077e+00,1.00000e+00,0.00000e+00
3.17000e-01,9.99990e-01,9.99988e-01,1.00075e+00,1.00000e+00,0.00000e+00
3.18000e-01,9.99990e-01,9.99988e-01,1.00071e+00,1.00000e+00,0.00000e+00
3.19000e-01,9.99989e-01,9.99987e-01,1.00068e+00,1.00000e+00,0.00000e+00
3.20000e-01,9.99989e-01,9.99987e-01,1.00065e+00,1.00000e+00,0.00000e+00
3.21000e-01,9.99989e-01,9.99987e-01,1.00064e+00,1.00000e+00,0.00000e+00
3.22000e-01,9.99989e-01,9.99987e-01,1.00063e+00,1.00000e+00,0.00000e+00
3.23000e-01,9.99989e-01,9.99987e-01,1.00061e+00,1.00000e+00,0.00000e+00
3.24000e-01,9.99989e-01,9.99987e-01,1.00061e+00,1.00000e+00,0.00000e+00
3.25000e-01,9.99989e-01,9.99987e-01,1.00060e+00,1.00000e+00,0.00000e+00
3.26000e-01,9.99989e-01,9.99987e-01,1.00059e+00,1.00000e+00,0.00000e+00
3.27000e-01,9.99989e-01,9.99987e-01,1.00058e+00,1.00000e+00,0.00000e+00
3.28000e-01,9.99989e-01,9.99987e-01,1.00056e+00,1.00000e+00,0.00000e+00
3.29000e-01,9.99989e-01,9.99987e-01,1.00055e+00,1.00000e+00,0.00000e+00
3.30000e-01,9.99989e-01,9.99988e-01,1.00055e+00,1.00000e+00,0.00000e+00
3.31000e-01,9.99989e-01,9.99988e-01,1.00054e+00,1.00000e+00,0.00000e+00
3.32000e-01,9.99989e-01,9.99988e-01,1.00053e+00,1.00000e+00,0.00000e+00
3.33000e-01,9.99989e-01,9.99987e-01,1.00052e+00,1.00000e+00,0.00000e+00
3.34000e-01,9.99989e-01,9.99987e-01,1.00052e+00,1.00000e+00,0.00000e+00
3.35000e-01,9.99989e-01,9.99987e-01,1.00053e+00,1.00000e+00,0.00000e+00
3.36000e-01,9.99989e-01,9.99988e-01,1.00052e+00,1.00000e+00,0.00000e+00
3.37000e-01,9.99990e-01,9.99989e-01,1.00049e+00,1.00000e+00,0.00000e+00
3.38000e-01,9.99991e-01,9.99989e-01,1.00051e+00,1.00000e+00,0.00000e+00
3.39000e-01,9.99990e-01,9.99989e-01,1.00053e+00,1.00000e+00,0.00000e+00
3.40000e-01,9.99990e-01,9.99988e-01,1.00053e+00,1.00000e+00,0.00000e+00
3.41000e-01,9.99989e-01,9.99988e-01,1.00052e+00,1.00000e+00,0.00000e+00
3.42000e-01,9.99989e-01,9.99988e-01,1.00051e+00,1.00000e+00,0.00000e+00
3.43000e-01,9.99989e-01,9.99988e-01,1.00051e+00,1.00000e+00,0.00000e+00
3.44000e-01,9.99989e-01,9.99987e-01,1.00051e+00,1.00000e+00,0.00000e+00
3.45000e-01,9.99989e-01,9.99988e-01,1.00051e+00,1.00000e+00,0.00000e+00
3.46000e-01,9.99989e-01,9.99987e-01,1.00051e+00,1.00000e+00,0.00000e+00
3.47000e-01,9.99989e-01,9.99987e-01,1.00050e+00,1.00000e+00,0.00000e+00
3.48000e-01,9.99989e-01,9.99987e-01,1.00050e+00,1.00000e+00,0.00000e+00
3.49000e-01,9.99989e-01,9.99987e-01,1.00049e+00,1.00000e+00,0.00000e+00
3.50000e-01,9.99989e-01,9.99987e-01,1.00049e+00,1.00000e+00,0.00000e+00
3.51000e-01,9.99989e-01,9.99987e-01,1.00049e+00,1.00000e+00,0.00000e+00
3.52000e-01,9.99989e-01,9.99988e-01,1.00048e+00,1.00000e+00,0.00000e+00
3.53000e-01,9.99989e-01,9.99988e-01,1.00048e+00,1.00000e+00,0.00000e+00
3.54000e-01,9.99989e-01,9.99988e-01,1.00048e+00,1.00000e+00,0.00000e+00
3.55000e-01,9.99989e-01,9.99988e-01,1.00048e+00,1.00000e+00,0.00000e+00
3.56000e-01,9.99989e-01,9.99987e-01,1.00048e+00,1.00000e+00,0.00000e+00
3.57000e-01,9.99989e-01,9.99987e-01,1.00048e+00,1.00000e+00,0.00000e+00
3.58000e-01,9.99988e-01,9.99987e-01,1.00047e+00,1.00000e+00,0.00000e+00
3.59000e-01,9.99988e-01,9.99987e-01,1.00047e+00,1.00000e+00,0.00000e+00
3.60000e-01,9.99989e-01,9.99988e-01,1.00044e+00,1.00000e+00,0.00000e+00
3.61000e-01,9.99990e-01,9.99988e-01,1.00045e+00,1.00000e+00,0.00000e+00
3.62000e-01,9.99990e-01,9.99988e-01,1.00046e+00,1.00000e+00,0.00000e+00
3.63000e-01,9.99989e-01,9.99988e-01,1.00047e+00,1.00000e+00,0.00000e+00
3.64000e-01,9.99989e-01,9.99987e-01,1.00047e+00,1.00000e+00,0.00000e+00
3.65000e-01,9.99989e-01,9.99987e-01,1.00047e+00,1.00000e+00,0.00000e+00
3.66000e-01,9.99989e-01,9.99987e-01,1.00047e+00,1.00000e+00,0.00000e+00
3.67000e-01,9.99988e-01,9.99987e-01,1.00047e+00,1.00000e+00,0.00000e+00
3.68000e-01,9.99989e-01,9.99987e-01,1.00048e+00,1.00000e+00,0.00000e+00
3.69000e-01,9.99989e-01,9.99987e-01,1.00048e+00,1.00000e+00,0.00000e+00
3.70000e-01,9.99989e-01,9.99987e-01,1.00048e+00,1.00000e+00,0.00000e+00
3.71000e-01,9.99989e-01,9.99987e-01,1.00048e+00,1.00000e+00,0.00000e+00
3.72000e-01,9.99989e-01,9.99987e-01,1.00047e+00,1.00000e+00,0.00000e+00
3.73000e-01,9.99989e-01,9.99987e-01,1.00047e+00,1.00000e+00,0.00000e+00
3.74000e-01,9.99989e-01,9.99987e-01,1.00047e+00,1.00000e+00,0.00000e+00
3.75000e-01,9.99989e-01,9.99987e-01,1.00046e+00,1.00000e+00,0.00000e+00
3.76000e-01,9.99989e-01,9.99988e-01,1.00045e+00,1.00000e+00,0.00000e+00
3.77000e-01,9.99989e-01,9.99988e-01,1.00045e+00,1.00000e+00,0.00000e+00
3.78000e-01,9.99989e-01,9.99988e-01,1.00045e+00,1.00000e+00,0.00000e+00
3.79000e-01,9.99989e-01,9.99987e-01,1.00045e+00,1.00000e+00,0.00000e+00
3.80000e-01,9.99988e-01,9.99987e-01,1.00044e+00,1.00000e+00,0.00000e+00
3.81000e-01,9.99988e-01,9.99987e-01,1.00044e+00,1.00000e+00,0.00000e+00
3.82000e-01,9.99988e-01,9.99987e-01,1.00043e+00,1.00000e+00,0.00000e+00
3.83000e-01,9.99988e-01,9.99986e-01,1.00043e+00,1.00000e+00,0.00000e+00
3.84000e-01,9.99988e-01,9.99987e-01,1.00042e+00,1.00000e+00,0.00000e+00
3.85000e-01,9.99988e-01,9.99987e-01,1.00042e+00,1.00000e+00,0.00000e+00
3.86000e-01,9.99988e-01,9.99987e-01,1.00042e+00,1.00000e+00,0.00000e+00
3.87000e-01,9.99988e-01,9.99987e-01,1.00042e+00,1.00000e+00,0.00000e+00
3.88000e-01,9.99988e-01,9.99987e-01,1.00043e+00,1.00000e+00,0.00000e+00
3.89000e-01,9.99988e-01,9.99986e-01,1.00043e+00,1.00000e+00,0.00000e+00
3.90000e-01,9.99988e-01,9.99986e-01,1.00043e+00,1.00000e+00,0.00000e+00
3.91000e-01,9.99988e-01,9.99986e-01,1.00043e+00,1.00000e+00,0.00000e+00
3.92000e-01,9.99988e-01,9.99987e-01,1.00043e+00,1.00000e+00,0.00000e+00
3.93000e-01,9.99988e-01,9.99987e-01,1.00043e+00,1.00000e+00,0.00000e+00
3.94000e-01,9.99988e-01,9.99987e-01,1.00043e+00,1.00000e+00,0.00000e+00
3.95000e-01,9.99988e-01,9.99987e-01,1.00043e+00,1.00000e+00,0.00000e+00
3.96000e-01,9.99988e-01,9.99987e-01,1.00042e+00,1.00000e+00,0.00000e+00
3.97000e-01,9.99988e-01,9.99987e-01,1.00042e+00,1.00000e+00,0.00000e+00
3.98000e-01,9.99988e-01,9.99987e-01,1.00041e+00,1.00000e+00,0.00000e+00
3.99000e-01,9.99988e-01,9.99987e-01,1.00041e+00,1.00000e+00,0.00000e+00
4.00000e-01,9.99988e-01,9.99987e-01,1.00041e+00,1.00000e+00,0.00000e+00
4.01000e-01,9.99988e-01,9.99987e-01,1.00041e+00,1.00000e+00,0.00000e+00
4.02000e-01,9.99988e-01,9.99987e-01,1.00041e+00,1.00000e+00,0.00000e+00
4.03000e-01,9.99988e-01,9.99987e-01,1.00041e+00,1.00000e+00,0.00000e+00
4.04000e-01,9.99988e-01,9.99987e-01,1.00041e+00,1.00000e+00,0.00000e+00
4.05000e-01,9.99987e-01,9.99986e-01,1.00041e+00,1.00000e+00,0.00000e+00
4.06000e-01,9.99987e-01,9.99986e-01,1.00041e+00,1.00000e+00,0.00000e+00
4.07000e-01,9.99988e-01,9.99986e-01,1.00041e+00,1.00000e+00,0.00000e+00
4.08000e-01,9.99988e-01,9.99986e-01,1.00040e+00,1.00000e+00,0.00000e+00
4.09000e-01,9.99988e-01,9.99986e-01,1.00041e+00,1.00000e+00,0.00000e+00
4.10000e-01,9.99987e-01,9.99986e-01,1.00041e+00,1.00000e+00,0.00000e+00
4.11000e-01,9.99987e-01,9.99986e-01,1.00041e+00,1.00000e+00,0.00000e+00
4.12000e-01,9.99987e-01,9.99986e-01,1.00041e+00,1.00000e+00,0.00000e+00
4.13000e-01,9.99987e-01,9.99986e-01,1.00041e+00,1.00000e+00,0.00000e+00
4.14000e-01,9.99987e-01,9.99986e-01,1.00041e+00,1.00000e+00,0.00000e+00
4.15000e-01,9.99987e-01,9.99986e-01,1.00041e+00,1.00000e+00,0.00000e+00
4.16000e-01,9.99987e-01,9.99986e-01,1.00041e+00,1.00000e+00,0.00000e+00
4.17000e-01,9.99987e-01,9.99986e-01,1.00041e+00,1.00000e+00,0.00000e+00
4.18000e-01,9.99987e-01,9.99986e-01,1.00041e+00,1.00000e+00,0.00000e+00
4.19000e-01,9.99987e-01,9.99986e-01,1.00041e+00,1.00000e+00,0.00000e+00
4.20000e-01,9.99987e-01,9.99986e-01,1.00041e+00,1.00000e+00,0.00000e+00
4.21000e-01,9.99987e-01,9.99986e-01,1.00041e+00,1.00000e+00,0.00000e+00
4.22000e-01,9.99987e-01,9.99986e-01,1.00040e+00,1.00000e+00,0.00000e+00
4.23000e-01,9.99987e-01,9.99986e-01,1.00040e+00,1.00000e+00,0.00000e+00
4.24000e-01,9.99987e-01,9.99986e-01,1.00040e+00,1.00000e+00,0.00000e+00
4.25000e-01,9.99987e-01,9.99986e-01,1.00039e+00,1.00000e+00,0.00000e+00
4.26000e-01,9.99987e-01,9.99986e-01,1.00039e+00,1.00000e+00,0.00000e+00
4.27000e-01,9.99986e-01,9.99985e-01,1.00039e+00,1.00000e+00,0.00000e+00
4.28000e-01,9.99986e-01,9.99985e-01,1.00038e+00,1.00000e+00,0.00000e+00
4.29000e-01,9.99986e-01,9.99985e-01,1.00038e+00,1.00000e+00,0.00000e+00
4.30000e-01,9.99986e-01,9.99985e-01,1.00037e+00,1.00000e+00,0.00000e+00
4.31000e-01,9.99986e-01,9.99985e-01,1.00037e+00,1.00000e+00,0.00000e+00
4.32000e-01,9.99986e-01,9.99985e-01,1.00037e+00,1.00000e+00,0.00000e+00
4.33000e-01,9.99986e-01,9.99985e-01,1.00037e+00,1.00000e+00,0.00000e+00
4.34000e-01,9.99986e-01,9.99985e-01,1.00038e+00,1.00000e+00,0.00000e+00
4.35000e-01,9.99986e-01,9.99985e-01,1.00038e+00,1.00000e+00,0.00000e+00
4.36000e-01,9.99986e-01,9.99985e-01,1.00038e+00,1.00000e+00,0.00000e+00
4.37000e-01,9.99986e-01,9.99985e-01,1.00038e+00,1.00000e+00,0.00000e+00
4.38000e-01,9.99986e-01,9.99985e-01,1.00038e+00,1.00000e+00,0.00000e+00
4.39000e-01,9.99986e-01,9.99985e-01,1.00039e+00,1.00000e+00,0.00000e+00
4.40000e-01,9.99986e-01,9.99985e-01,1.00039e+00,1.00000e+00,0.00000e+00
4.41000e-01,9.99986e-01,9.99985e-01,1.00038e+00,1.00000e+00,0.00000e+00
4.42000e-01,9.99986e-01,9.99985e-01,1.00038e+00,1.00000e+00,0.00000e+00
4.43000e-01,9.99986e-01,9.99985e-01,1.00038e+00,1.00000e+00,0.00000e+00
4.44000e-01,9.99986e-01,9.99985e-01,1.00038e+00,1.00000e+00,0.00000e+00
4.45000e-01,9.99986e-01,9.99985e-01,1.00037e+00,1.00000e+00,0.00000e+00
4.46000e-01,9.99986e-01,9.99985e-01,1.00037e+00,1.00000e+00,0.00000e+00
4.47000e-01,9.99986e-01,9.99985e-01,1.00037e+00,1.00000e+00,0.00000e+00
4.48000e-01,9.99986e-01,9.99985e-01,1.00037e+00,1.00000e+00,0.00000e+00
4.49000e-01,9.99986e-01,9.99985e-01,1.00037e+00,1.00000e+00,0.00000e+00
4.50000e-01,9.99986e-01,9.99985e-01,1.00037e+00,1.00000e+00,0.00000e+00
4.51000e-01,9.99985e-01,9.99984e-01,1.00037e+00,1.00000e+00,0.00000e+00
4.52000e-01,9.99985e-01,9.99984e-01,1.00036e+00,1.00000e+00,0.00000e+00
4.53000e-01,9.99985e-01,9.99984e-01,1.00036e+00,1.00000e+00,0.00000e+00
4.54000e-01,9.99985e-01,9.99984e-01,1.00036e+00,1.00000e+00,0.00000e+00
4.55000e-01,9.99985e-01,9.99984e-01,1.00036e+00,1.00000e+00,0.00000e+00
4.56000e-01,9.99985e-01,9.99984e-01,1.00035e+00,1.00000e+00,0.00000e+00
4.57000e-01,9.99985e-01,9.99984e-01,1.00035e+00,1.00000e+00,0.00000e+00
4.58000e-01,9.99985e-01,9.99984e-01,1.00035e+00,1.00000e+00,0.00000e+00
4.59000e-01,9.99985e-01,9.99984e-01,1.00034e+00,1.00000e+00,0.00000e+00
4.60000e-01,9.99985e-01,9.99984e-01,1.00034e+00,1.00000e+00,0.00000e+00
4.61000e-01,9.99984e-01,9.99983e-01,1.00033e+00,1.00000e+00,0.00000e+00
4.62000e-01,9.99984e-01,9.99983e-01,1.00033e+00,1.00000e+00,0.00000e+00
4.63000e-01,9.99984e-01,9.99983e-01,1.00032e+00,1.00000e+00,0.00000e+00
4.64000e-01,9.99984e-01,9.99983e-01,1.00032e+00,1.00000e+00,0.00000e+00
4.65000e-01,9.99985e-01,9.99984e-01,1.00032e+00,1.00000e+00,0.00000e+00
4.66000e-01,9.99985e-01,9.99984e-01,1.00032e+00,1.00000e+00,0.00000e+00
4.67000e-01,9.99985e-01,9.99984e-01,1.00032e+00,1.00000e+00,0.00000e+00
4.68000e-01,9.99985e-01,9.99984e-01,1.00032e+00,1.00000e+00,0.00000e+00
4.69000e-01,9.99985e-01,9.99984e-01,1.00032e+00,1.00000e+00,0.00000e+00
4.70000e-01,9.99985e-01,9.99984e-01,1.00032e+00,1.00000e+00,0.00000e+00
4.71000e-01,9.99985e-01,9.99984e-01,1.00032e+00,1.00000e+00,0.00000e+00
4.72000e-01,9.99985e-01,9.99984e-01,1.00033e+00,1.00000e+00,0.00000e+00
4.73000e-01,9.99984e-01,9.99983e-01,1.00033e+00,1.00000e+00,0.00000e+00
4.74000e-01,9.99984e-01,9.99983e-01,1.00033e+00,1.00000e+00,0.00000e+00
4.75000e-01,9.99984e-01,9.99983e-01,1.00033e+00,1.00000e+00,0.00000e+00
4.76000e-01,9.99983e-01,9.99982e-01,1.00033e+00,1.00000e+00,0.00000e+00
4.77000e-01,9.99984e-01,9.99983e-01,1.00033e+00,1.00000e+00,0.00000e+00
4.78000e-01,9.99984e-01,9.99983e-01,1.00033e+00,1.00000e+00,0.00000e+00
4.79000e-01,9.99983e-01,9.99982e-01,1.00034e+00,1.00000e+00,0.00000e+00
4.80000e-01,9.99983e-01,9.99982e-01,1.00034e+00,1.00000e+00,0.00000e+00
4.81000e-01,9.99983e-01,9.99982e-01,1.00034e+00,1.00000e+00,0.00000e+00
4.82000e-01,9.99983e-01,9.99982e-01,1.00034e+00,1.00000e+00,0.00000e+00
4.83000e-01,9.99983e-01,9.99982e-01,1.00033e+00,1.00000e+00,0.00000e+00
4.84000e-01,9.99983e-01,9.99982e-01,1.00033e+00,1.00000e+00,0.00000e+00
4.85000e-01,9.99983e-01,9.99982e-01,1.00031e+00,1.00000e+00,0.00000e+00
4.86000e-01,9.99983e-01,9.99982e-01,1.00031e+00,1.00000e+00,0.00000e+00
4.87000e-01,9.99983e-01,9.99982e-01,1.00030e+00,1.00000e+00,0.00000e+00
4.88000e-01,9.99983e-01,9.99982e-01,1.00029e+00,1.00000e+00,0.00000e+00
4.89000e-01,9.99983e-01,9.99982e-01,1.00028e+00,1.00000e+00,0.00000e+00
4.90000e-01,9.99983e-01,9.99982e-01,1.00027e+00,1.00000e+00,0.00000e+00
4.91000e-01,9.99983e-01,9.99982e-01,1.00027e+00,1.00000e+00,0.00000e+00
4.92000e-01,9.99983e-01,9.99983e-01,1.00027e+00,1.00000e+00,0.00000e+00
4.93000e-01,9.99983e-01,9.99983e-01,1.00026e+00,1.00000e+00,0.00000e+00
4.93309e-01,9.99983e-01,9.99982e-01,1.00044e+00,1.00000e+00,0.00000e+00
4.93617e-01,9.99984e-01,9.99982e-01,1.00045e+00,1.00000e+00,0.00000e+00
4.93926e-01,9.99984e-01,9.99982e-01,1.00045e+00,1.00000e+00,0.00000e+00
4.94235e-01,9.99984e-01,9.99982e-01,1.00045e+00,1.00000e+00,0.00000e+00
4.94543e-01,9.99984e-01,9.99982e-01,1.00045e+00,1.00000e+00,0.00000e+00
4.95543e-01,9.99983e-01,9.99983e-01,1.00027e+00,1.00000e+00,0.00000e+00
4.96543e-01,9.99983e-01,9.99982e-01,1.00028e+00,1.00000e+00,0.00000e+00
4.97543e-01,9.99983e-01,9.99982e-01,1.00028e+00,1.00000e+00,0.00000e+00
4.98543e-01,9.99983e-01,9.99982e-01,1.00029e+00,1.00000e+00,0.00000e+00
4.99543e-01,9.99982e-01,9.99981e-01,1.00029e+00,1.00000e+00,0.00000e+00
5.00543e-01,9.99983e-01,9.99982e-01,1.00029e+00,1.00000e+00,0.00000e+00
5.01543e-01,9.99983e-01,9.99982e-01,1.00029e+00,1.00000e+00,0.00000e+00
5.02543e-01,9.99982e-01,9.99982e-01,1.00030e+00,1.00000e+00,0.00000e+00
5.03543e-01,9.99982e-01,9.99981e-01,1.00030e+00,1.00000e+00,0.00000e+00
5.04543e-01,9.99982e-01,9.99981e-01,1.00031e+00,1.00000e+00,0.00000e+00
5.05543e-01,9.99982e-01,9.99981e-01,1.00031e+00,1.00000e+00,0.00000e+00
5.06543e-01,9.99982e-01,9.99981e-01,1.00031e+00,1.00000e+00,0.00000e+00
5.07543e-01,9.99982e-01,9.99981e-01,1.00031e+00,1.00000e+00,0.00000e+00
5.08543e-01,9.99982e-01,9.99981e-01,1.00031e+00,1.00000e+00,0.00000e+00
5.09543e-01,9.99982e-01,9.99981e-01,1.00030e+00,1.00000e+00,0.00000e+00
5.10543e-01,9.99982e-01,9.99981e-01,1.00029e+00,1.00000e+00,0.00000e+00
5.11543e-01,9.99982e-01,9.99981e-01,1.00028e+00,1.00000e+00,0.00000e+00
5.12543e-01,9.99982e-01,9.99981e-01,1.00028e+00,1.00000e+00,0.00000e+00
5.13543e-01,9.99982e-01,9.99981e-01,1.00027e+00,1.00000e+00,0.00000e+00
5.14543e-01,9.99982e-01,9.99981e-01,1.00026e+00,1.00000e+00,0.00000e+00
5.15543e-01,9.99982e-01,9.99981e-01,1.00024e+00,1.00000e+00,0.00000e+00
5.16543e-01,9.99982e-01,9.99981e-01,1.00023e+00,1.00000e+00,0.00000e+00
5.17543e-01,9.99982e-01,9.99981e-01,1.00034e+00,1.00000e+00,0.00000e+00
5.18543e-01,9.99982e-01,9.99981e-01,1.00033e+00,1.00000e+00,0.00000e+00
5.19543e-01,9.99982e-01,9.99981e-01,1.00033e+00,1.00000e+00,0.00000e+00
5.20543e-01,9.99981e-01,9.99980e-01,1.00032e+00,1.00000e+00,0.00000e+00
5.21543e-01,9.99981e-01,9.99980e-01,1.00032e+00,1.00000e+00,0.00000e+00
5.22543e-01,9.99981e-01,9.99980e-01,1.00032e+00,1.00000e+00,0.00000e+00
5.23543e-01,9.99981e-01,9.99980e-01,1.00032e+00,1.00000e+00,0.00000e+00
5.24543e-01,9.99981e-01,9.99980e-01,1.00032e+00,1.00000e+00,0.00000e+00
5.25543e-01,9.99981e-01,9.99980e-01,1.00032e+00,1.00000e+00,0.00000e+00
5.26543e-01,9.99981e-01,9.99980e-01,1.00033e+00,1.00000e+00,0.00000e+00
5.27543e-01,9.99981e-01,9.99980e-01,1.00034e+00,1.00000e+00,0.00000e+00
5.28543e-01,9.99981e-01,9.99980e-01,1.00034e+00,1.00000e+00,0.00000e+00
5.29543e-01,9.99981e-01,9.99980e-01,1.00035e+00,1.00000e+00,0.00000e+00
5.30543e-01,9.99980e-01,9.99979e-01,1.00035e+00,1.00000e+00,0.00000e+00
5.31543e-01,9.99980e-01,9.99979e-01,1.00034e+00,1.00000e+00,0.00000e+00
5.32543e-01,9.99980e-01,9.99979e-01,1.00034e+00,1.00000e+00,0.00000e+00
5.33543e-01,9.99980e-01,9.99979e-01,1.00034e+00,1.00000e+00,0.00000e+00
5.34543e-01,9.99980e-01,9.99979e-01,1.00033e+00,1.00000e+00,0.00000e+00
5.35543e-01,9.99980e-01,9.99979e-01,1.00032e+00,1.00000e+00,0.00000e+00
5.36543e-01,9.99980e-01,9.99979e-01,1.00030e+00,1.00000e+00,0.00000e+00
5.37543e-01,9.99980e-01,9.99979e-01,1.00028e+00,1.00000e+00,0.00000e+00
5.38543e-01,9.99980e-01,9.99979e-01,1.00026e+00,1.00000e+00,0.00000e+00
5.39543e-01,9.99980e-01,9.99979e-01,1.00023e+00,1.00000e+00,0.00000e+00
5.40543e-01,9.99980e-01,9.99979e-01,1.00020e+00,1.00000e+00,0.00000e+00
5.41543e-01,9.99982e-01,9.99981e-01,1.00018e+00,1.00000e+00,0.00000e+00
5.42543e-01,9.99981e-01,9.99981e-01,1.00016e+00,1.00000e+00,0.00000e+00
5.43543e-01,9.99981e-01,9.99981e-01,1.00014e+00,1.00000e+00,0.00000e+00
5.44543e-01,9.99981e-01,9.99980e-01,1.00012e+00,1.00000e+00,0.00000e+00
5.45543e-01,9.99980e-01,9.99980e-01,1.00010e+00,1.00000e+00,0.00000e+00
5.46543e-01,9.99981e-01,9.99980e-01,1.00009e+00,1.00000e+00,0.00000e+00
5.47543e-01,9.99981e-01,9.99981e-01,1.00008e+00,1.00000e+00,0.00000e+00
5.48543e-01,9.99981e-01,9.99980e-01,1.00007e+00,1.00000e+00,0.00000e+00
5.49543e-01,9.99981e-01,9.99980e-01,1.00007e+00,1.00000e+00,0.00000e+00
5.50543e-01,9.99980e-01,9.99980e-01,1.00007e+00,1.00000e+00,0.00000e+00
5.51543e-01,9.99980e-01,9.99980e-01,1.00007e+00,1.00000e+00,0.00000e+00
5.52543e-01,9.99980e-01,9.99980e-01,1.00008e+00,1.00000e+00,0.00000e+00
5.53543e-01,9.99980e-01,9.99980e-01,1.00008e+00,1.00000e+00,0.00000e+00
5.54543e-01,9.99980e-01,9.99980e-01,1.00008e+00,1.00000e+00,0.00000e+00
5.55543e-01,9.99980e-01,9.99980e-01,1.00008e+00,1.00000e+00,0.00000e+00
5.56543e-01,9.99980e-01,9.99980e-01,1.00009e+00,1.00000e+00,0.00000e+00
5.57543e-01,9.99980e-01,9.99980e-01,1.00011e+00,1.00000e+00,0.00000e+00
5.58543e-01,9.99980e-01,9.99980e-01,1.00011e+00,1.00000e+00,0.00000e+00
5.59543e-01,9.99980e-01,9.99980e-01,1.00012e+00,1.00000e+00,0.00000e+00
5.60543e-01,9.99980e-01,9.99980e-01,1.00013e+00,1.00000e+00,0.00000e+00
5.61543e-01,9.99980e-01,9.99980e-01,1.00013e+00,1.00000e+00,0.00000e+00
5.62543e-01,9.99980e-01,9.99980e-01,1.00014e+00,1.00000e+00,0.00000e+00
5.63543e-01,9.99980e-01,9.99979e-01,1.00014e+00,1.00000e+00,0.00000e+00
5.64543e-01,9.99980e-01,9.99979e-01,1.00015e+00,1.00000e+00,0.00000e+00
5.65543e-01,1.00000e+00,1.00000e+00,1.00014e+00,1.00000e+00,0.00000e+00
5.66543e-01,1.00000e+00,1.00000e+00,1.00014e+00,1.00000e+00,0.00000e+00
5.67543e-01,1.00000e+00,1.00000e+00,1.00014e+00,1.00000e+00,0.00000e+00
5.68543e-01,1.00000e+00,1.00000e+00,1.00014e+00,1.00000e+00,0.00000e+00
5.69543e-01,1.00000e+00,1.00000e+00,1.00013e+00,1.00000e+00,0.00000e+00
5.70543e-01,1.00000e+00,1.00000e+00,1.00012e+00,1.00000e+00,0.00000e+00
5.71543e-01,1.00000e+00,1.00000e+00,1.00012e+00,1.00000e+00,0.00000e+00
5.72543e-01,1.00000e+00,1.00000e+00,1.00011e+00,1.00000e+00,0.00000e+00
5.73543e-01,1.00000e+00,1.00000e+00,1.00011e+00,1.00000e+00,0.00000e+00
5.74543e-01,1.00000e+00,1.00000e+00,1.00010e+00,1.00000e+00,0.00000e+00
5.75543e-01,1.00000e+00,1.00000e+00,1.00010e+00,1.00000e+00,0.00000e+00
5.76543e-01,1.00000e+00,1.00000e+00,1.00009e+00,1.00000e+00,0.00000e+00
5.77543e-01,1.00000e+00,1.00000e+00,1.00009e+00,1.00000e+00,0.00000e+00
5.78543e-01,1.00000e+00,1.00000e+00,1.00009e+00,1.00000e+00,0.00000e+00
5.79543e-01,1.00000e+00,1.00000e+00,1.00009e+00,1.00000e+00,0.00000e+00
5.80543e-01,1.00000e+00,1.00000e+00,1.00009e+00,1.00000e+00,0.00000e+00
5.81543e-01,1.00000e+00,1.00000e+00,1.00010e+00,1.00000e+00,0.00000e+00
5.82543e-01,1.00000e+00,1.00000e+00,1.00010e+00,1.00000e+00,0.00000e+00
5.83543e-01,1.00000e+00,1.00000e+00,1.00010e+00,1.00000e+00,0.00000e+00
5.84543e-01,1.00000e+00,1.00000e+00,1.00011e+00,1.00000e+00,0.00000e+00
5.85543e-01,1.00000e+00,1.00000e+00,1.00013e+00,1.00000e+00,0.00000e+00
5.86543e-01,1.00000e+00,1.00000e+00,1.00014e+00,1.00000e+00,0.00000e+00
5.87543e-01,1.00000e+00,1.00000e+00,1.00014e+00,1.00000e+00,0.00000e+00
5.88543e-01,1.00000e+00,1.00000e+00,1.00015e+00,1.00000e+00,0.00000e+00
5.89543e-01,1.00000e+00,1.00000e+00,1.00015e+00,1.00000e+00,0.00000e+00
5.90543e-01,1.00000e+00,9.99999e-01,1.00015e+00,1.00000e+00,0.00000e+00
5.91543e-01,9.99999e-01,9.99999e-01,1.00015e+00,1.00000e+00,0.00000e+00
5.92543e-01,9.99999e-01,9.99999e-01,1.00014e+00,1.00000e+00,0.00000e+00
5.93543e-01,9.99999e-01,9.99999e-01,1.00014e+00,1.00000e+00,0.00000e+00
5.94543e-01,9.99999e-01,9.99999e-01,1.00013e+00,1.00000e+00,0.00000e+00
5.95543e-01,9.99999e-01,9.99999e-01,1.00013e+00,1.00000e+00,0.00000e+00
5.96543e-01,9.99999e-01,9.99999e-01,1.00013e+00,1.00000e+00,0.00000e+00
5.97543e-01,9.99999e-01,9.99999e-01,1.00012e+00,1.00000e+00,0.00000e+00
5.98543e-01,9.99999e-01,9.99999e-01,1.00011e+00,1.00000e+00,0.00000e+00
5.99543e-01,1.00000e+00,9.99999e-01,1.00012e+00,1.00000e+00,0.00000e+00
6.00543e-01,1.00000e+00,9.99999e-01,1.00010e+00,1.00000e+00,0.00000e+00
6.01543e-01,9.99999e-01,9.99999e-01,1.00009e+00,9.99999e-01,0.00000e+00
6.02543e-01,9.99994e-01,9.99993e-01,1.00019e+00,9.99965e-01,0.00000e+00
6.03543e-01,9.99989e-01,9.99988e-01,1.00026e+00,9.99897e-01,0.00000e+00
6.04543e-01,9.99986e-01,9.99985e-01,1.00029e+00,9.99798e-01,0.00000e+00
6.05543e-01,9.99984e-01,9.99984e-01,1.00029e+00,9.99673e-01,0.00000e+00
6.06543e-01,9.99984e-01,9.99983e-01,1.00029e+00,9.99523e-01,0.00000e+00
6.07543e-01,9.99985e-01,9.99985e-01,1.00027e+00,9.99351e-01,0.00000e+00
6.08543e-01,9.99988e-01,9.99987e-01,1.00025e+00,9.99159e-01,0.00000e+00
6.09543e-01,9.99991e-01,9.99990e-01,1.00023e+00,9.98947e-01,0.00000e+00
6.10543e-01,9.99994e-01,9.99994e-01,1.00020e+00,9.98718e-01,0.00000e+00
6.11543e-01,9.99996e-01,9.99995e-01,1.00019e+00,9.98472e-01,0.00000e+00
6.12543e-01,1.00002e+00,1.00002e+00,1.00021e+00,9.98205e-01,0.00000e+00
6.13543e-01,1.00002e+00,1.00002e+00,1.00025e+00,9.97901e-01,0.00000e+00
6.14543e-01,1.00002e+00,1.00002e+00,1.00026e+00,9.97562e-01,0.00000e+00
6.15543e-01,1.00002e+00,1.00002e+00,1.00026e+00,9.97190e-01,0.00000e+00
6.16543e-01,1.00003e+00,1.00003e+00,1.00026e+00,9.96788e-01,0.00000e+00
6.17543e-01,1.00003e+00,1.00003e+00,1.00026e+00,9.96357e-01,0.00000e+00
6.18543e-01,1.00004e+00,1.00004e+00,1.00025e+00,9.95898e-01,0.00000e+00
6.19543e-01,1.00004e+00,1.00004e+00,1.00024e+00,9.95414e-01,0.00000e+00
6.20543e-01,1.00005e+00,1.00005e+00,1.00023e+00,9.94905e-01,0.00000e+00
6.21543e-01,1.00005e+00,1.00005e+00,1.00022e+00,9.94374e-01,0.00000e+00
6.22543e-01,1.00005e+00,1.00005e+00,1.00021e+00,9.93821e-01,0.00000e+00
6.23543e-01,1.00005e+00,1.00005e+00,1.00021e+00,9.93248e-01,0.00000e+00
6.24543e-01,1.00006e+00,1.00006e+00,1.00021e+00,9.92655e-01,0.00000e+00
6.25543e-01,1.00006e+00,1.00006e+00,1.00020e+00,9.92045e-01,0.00000e+00
6.26543e-01,1.00006e+00,1.00006e+00,1.00020e+00,9.91416e-01,0.00000e+00
6.27543e-01,1.00006e+00,1.00006e+00,1.00020e+00,9.90771e-01,0.00000e+00
6.28543e-01,1.00006e+00,1.00006e+00,1.00018e+00,9.90108e-01,0.00000e+00
6.29543e-01,1.00006e+00,1.00006e+00,1.00017e+00,9.89430e-01,0.00000e+00
6.30543e-01,1.00006e+00,1.00006e+00,1.00016e+00,9.88736e-01,0.00000e+00
6.31543e-01,1.00005e+00,1.00005e+00,1.00019e+00,9.88009e-01,0.00000e+00
6.32543e-01,1.00005e+00,1.00005e+00,1.00023e+00,9.87251e-01,0.00000e+00
6.33543e-01,1.00005e+00,1.00004e+00,1.00027e+00,9.86464e-01,0.00000e+00
6.34543e-01,1.00004e+00,1.00004e+00,1.00032e+00,9.85649e-01,0.00000e+00
6.35543e-01,1.00004e+00,1.00004e+00,1.00039e+00,9.84806e-01,0.00000e+00
6.36543e-01,1.00003e+00,1.00003e+00,1.00043e+00,9.83939e-01,0.00000e+00
6.37543e-01,1.00003e+00,1.00003e+00,1.00050e+00,9.83046e-01,0.00000e+00
6.38543e-01,1.00003e+00,1.00003e+00,1.00055e+00,9.82130e-01,0.00000e+00
6.39543e-01,1.00003e+00,1.00002e+00,1.00058e+00,9.81191e-01,0.00000e+00
6.40543e-01,1.00003e+00,1.00002e+00,1.00063e+00,9.80231e-01,0.00000e+00
6.41543e-01,1.00003e+00,1.00002e+00,1.00067e+00,9.79250e-01,0.00000e+00
6.42543e-01,1.00003e+00,1.00002e+00,1.00072e+00,9.78249e-01,0.00000e+00
6.43543e-01,1.00003e+00,1.00003e+00,1.00078e+00,9.77229e-01,0.00000e+00
6.44543e-01,1.00003e+00,1.00003e+00,1.00084e+00,9.76189e-01,0.00000e+00
6.45543e-01,1.00004e+00,1.00003e+00,1.00091e+00,9.75131e-01,0.00000e+00
6.46543e-01,1.00004e+00,1.00004e+00,1.00100e+00,9.74055e-01,0.00000e+00
6.47543e-01,1.00005e+00,1.00004e+00,1.00108e+00,9.72961e-01,0.00000e+00
6.48543e-01,1.00005e+00,1.00004e+00,1.00121e+00,9.71836e-01,0.00000e+00
6.49543e-01,1.00005e+00,1.00005e+00,1.00136e+00,9.70673e-01,0.00000e+00
6.50543e-01,1.00005e+00,1.00005e+00,1.00149e+00,9.69473e-01,0.00000e+00
6.51543e-01,1.00005e+00,1.00005e+00,1.00160e+00,9.68243e-01,0.00000e+00
6.52543e-01,1.00006e+00,1.00005e+00,1.00169e+00,9.66986e-01,0.00000e+00
6.53543e-01,1.00006e+00,1.00005e+00,1.00179e+00,9.65701e-01,0.00000e+00
6.54543e-01,1.00006e+00,1.00006e+00,1.00189e+00,9.64392e-01,0.00000e+00
6.55543e-01,1.00006e+00,1.00006e+00,1.00199e+00,9.63057e-01,0.00000e+00
6.56543e-01,1.00006e+00,1.00006e+00,1.00209e+00,9.61699e-01,0.00000e+00
6.57543e-01,1.00006e+00,1.00006e+00,1.00220e+00,9.60319e-01,0.00000e+00
6.58543e-01,1.00006e+00,1.00006e+00,1.00231e+00,9.58917e-01,0.00000e+00
6.59543e-01,1.00006e+00,1.00005e+00,1.00242e+00,9.57494e-01,0.00000e+00
6.60543e-01,1.00006e+00,1.00005e+00,1.00253e+00,9.56051e-01,0.00000e+00
6.61543e-01,1.00006e+00,1.00005e+00,1.00262e+00,9.54588e-01,0.00000e+00
6.62543e-01,1.00006e+00,1.00005e+00,1.00271e+00,9.53105e-01,0.00000e+00
6.63543e-01,1.00006e+00,1.00005e+00,1.00285e+00,9.51586e-01,0.00000e+00
6.64543e-01,1.00006e+00,1.00005e+00,1.00301e+00,9.50026e-01,0.00000e+00
6.65543e-01,1.00005e+00,1.00005e+00,1.00313e+00,9.48429e-01,0.00000e+00
6.66543e-01,1.00005e+00,1.00004e+00,1.00324e+00,9.46795e-01,0.00000e+00
6.67543e-01,1.00005e+00,1.00004e+00,1.00336e+00,9.45126e-01,0.00000e+00
6.68543e-01,1.00006e+00,1.00005e+00,1.00346e+00,9.43428e-01,0.00000e+00
6.69543e-01,1.00006e+00,1.00005e+00,1.00359e+00,9.41705e-01,0.00000e+00
6.70543e-01,1.00006e+00,1.00005e+00,1.00372e+00,9.39956e-01,0.00000e+00
6.71543e-01,1.00007e+00,1.00005e+00,1.00385e+00,9.38184e-01,0.00000e+00
6.72543e-01,1.00007e+00,1.00006e+00,1.00398e+00,9.36388e-01,0.00000e+00
6.73543e-01,1.00007e+00,1.00006e+00,1.00407e+00,9.34571e-01,0.00000e+00
6.74543e-01,1.00007e+00,1.00006e+00,1.00419e+00,9.32732e-01,0.00000e+00
6.75543e-01,1.00007e+00,1.00006e+00,1.00433e+00,9.30872e-01,0.00000e+00
6.76543e-01,1.00007e+00,1.00006e+00,1.00448e+00,9.28993e-01,0.00000e+00
6.77543e-01,1.00007e+00,1.00006e+00,1.00466e+00,9.27093e-01,0.00000e+00
6.78543e-01,1.00008e+00,1.00006e+00,1.00484e+00,9.25175e-01,0.00000e+00
6.79543e-01,1.00008e+00,1.00007e+00,1.00507e+00,9.23233e-01,0.00000e+00
6.80543e-01,1.00008e+00,1.00007e+00,1.00534e+00,9.21252e-01,0.00000e+00
6.81306e-01,1.00008e+00,1.00006e+00,1.00555e+00,9.19712e-01,0.00000e+00
6.81749e-01,1.00008e+00,1.00006e+00,1.00609e+00,9.18809e-01,0.00000e+00
6.82192e-01,1.00010e+00,1.00009e+00,1.00601e+00,9.17898e-01,0.00000e+00
6.82635e-01,1.00010e+00,1.00009e+00,1.00579e+00,9.16981e-01,0.00000e+00
6.83078e-01,1.00010e+00,1.00009e+00,1.00578e+00,9.16057e-01,0.00000e+00
6.83521e-01,1.00010e+00,1.00009e+00,1.00617e+00,9.15126e-01,0.00000e+00
6.84521e-01,1.00011e+00,1.00009e+00,1.00634e+00,9.13005e-01,0.00000e+00
6.85521e-01,1.00011e+00,1.00009e+00,1.00653e+00,9.10858e-01,0.00000e+00
6.86521e-01,1.00012e+00,1.00010e+00,1.00675e+00,9.08686e-01,0.00000e+00
6.87521e-01,1.00012e+00,1.00010e+00,1.00694e+00,9.06490e-01,0.00000e+00
6.88521e-01,1.00012e+00,1.00010e+00,1.00711e+00,9.04271e-01,0.00000e+00
6.89521e-01,1.00011e+00,1.00009e+00,1.00729e+00,9.02031e-01,0.00000e+00
6.90521e-01,1.00011e+00,1.00009e+00,1.00745e+00,8.99770e-01,0.00000e+00
6.91521e-01,1.00011e+00,1.00009e+00,1.00760e+00,8.97488e-01,0.00000e+00
6.92521e-01,1.00011e+00,1.00009e+00,1.00773e+00,8.95186e-01,0.00000e+00
6.93521e-01,1.00011e+00,1.00009e+00,1.00786e+00,8.92865e-01,0.00000e+00
6.94521e-01,1.00011e+00,1.00009e+00,1.00727e+00,8.90525e-01,0.00000e+00
6.95521e-01,1.00011e+00,1.00009e+00,1.00706e+00,8.88167e-01,0.00000e+00
6.96521e-01,1.00011e+00,1.00009e+00,1.00735e+00,8.85782e-01,0.00000e+00
6.97521e-01,1.00011e+00,1.00009e+00,1.00795e+00,8.83357e-01,0.00000e+00
6.98521e-01,1.00011e+00,1.00009e+00,1.00854e+00,8.80894e-01,0.00000e+00
6.99521e-01,1.00012e+00,1.00009e+00,1.00882e+00,8.78396e-01,0.00000e+00
7.00521e-01,1.00012e+00,1.00010e+00,1.00888e+00,8.75869e-01,0.00000e+00
7.01521e-01,1.00013e+00,1.00010e+00,1.00895e+00,8.73314e-01,0.00000e+00
7.02521e-01,1.00013e+00,1.00011e+00,1.00906e+00,8.70733e-01,0.00000e+00
7.03521e-01,1.00013e+00,1.00011e+00,1.00919e+00,8.68127e-01,0.00000e+00
7.04521e-01,1.00014e+00,1.00011e+00,1.00933e+00,8.65497e-01,0.00000e+00
7.05521e-01,1.00014e+00,1.00011e+00,1.00946e+00,8.62844e-01,0.00000e+00
7.06521e-01,1.00013e+00,1.00011e+00,1.00957e+00,8.60170e-01,0.00000e+00
7.07521e-01,1.00013e+00,1.00011e+00,1.00968e+00,8.57473e-01,0.00000e+00
7.08521e-01,1.00013e+00,1.00011e+00,1.00982e+00,8.54756e-01,0.00000e+00
7.09521e-01,1.00013e+00,1.00011e+00,1.00988e+00,8.52019e-01,0.00000e+00
7.10521e-01,1.00013e+00,1.00011e+00,1.00998e+00,8.49260e-01,0.00000e+00
7.11521e-01,1.00013e+00,1.00011e+00,1.01012e+00,8.46461e-01,0.00000e+00
7.12521e-01,1.00013e+00,1.00011e+00,1.01027e+00,8.43621e-01,0.00000e+00
7.13521e-01,1.00013e+00,1.00010e+00,1.01043e+00,8.40744e-01,0.00000e+00
7.14521e-01,1.00014e+00,1.00011e+00,1.01059e+00,8.37830e-01,0.00000e+00
7.15521e-01,1.00014e+00,1.00011e+00,1.01076e+00,8.34881e-01,0.00000e+00
7.16521e-01,1.00014e+00,1.00011e+00,1.01095e+00,8.31901e-01,0.00000e+00
7.17521e-01,1.00015e+00,1.00012e+00,1.01120e+00,8.28895e-01,0.00000e+00
7.18521e-01,1.00015e+00,1.00012e+00,1.01142e+00,8.25864e-01,0.00000e+00
7.19521e-01,1.00015e+00,1.00012e+00,1.01163e+00,8.22810e-01,0.00000e+00
7.20521e-01,1.00015e+00,1.00012e+00,1.01184e+00,8.19733e-01,0.00000e+00
7.21521e-01,1.00015e+00,1.00012e+00,1.01205e+00,8.16635e-01,0.00000e+00
7.22521e-01,1.00015e+00,1.00012e+00,1.01226e+00,8.13516e-01,0.00000e+00
7.23521e-01,1.00015e+00,1.00012e+00,1.01246e+00,8.10377e-01,0.00000e+00
7.24521e-01,1.00015e+00,1.00012e+00,1.01268e+00,8.07219e-01,0.00000e+00
7.25521e-01,1.00015e+00,1.00012e+00,1.01289e+00,8.04041e-01,0.00000e+00
7.26521e-01,1.00015e+00,1.00012e+00,1.01311e+00,8.00846e-01,0.00000e+00
7.27521e-01,1.00015e+00,1.00012e+00,1.01334e+00,7.97632e-01,0.00000e+00
7.28226e-01,1.00015e+00,1.00011e+00,1.01357e+00,7.95354e-01,0.00000e+00
7.28932e-01,1.00015e+00,1.00011e+00,1.01375e+00,7.93058e-01,0.00000e+00
7.29638e-01,1.00015e+00,1.00011e+00,1.01392e+00,7.90743e-01,0.00000e+00
7.30343e-01,1.00015e+00,1.00011e+00,1.01409e+00,7.88410e-01,0.00000e+00
7.31049e-01,1.00015e+00,1.00011e+00,1.01426e+00,7.86059e-01,0.00000e+00
7.32049e-01,1.00015e+00,1.00011e+00,1.01452e+00,7.82699e-01,0.00000e+00
7.32062e-01,1.00016e+00,1.00012e+00,1.01448e+00,7.82654e-01,0.00000e+00
7.32062e-01,1.00016e+00,1.00012e+00,1.01448e+00,7.82654e-01,0.00000e+00
7.32062e-01,1.00016e+00,1.00012e+00,1.01448e+00,7.82654e-01,0.00000e+00
7.32062e-01,1.00016e+00,1.00012e+00,1.01448e+00,7.82654e-01,0.00000e+00
7.32062e-01,1.00016e+00,1.00012e+00,1.01448e+00,7.82654e-01,0.00000e+00
7.32062e-01,1.00016e+00,1.00012e+00,1.01448e+00,7.82654e-01,0.00000e+00
7.32064e-01,1.00017e+00,1.00012e+00,1.01448e+00,7.82649e-01,0.00000e+00
7.32064e-01,1.00016e+00,1.00012e+00,1.01462e+00,7.82649e-01,0.00000e+00
7.32064e-01,1.00016e+00,1.00012e+00,1.01462e+00,7.82649e-01,0.00000e+00
7.32064e-01,1.00016e+00,1.00012e+00,1.01462e+00,7.82648e-01,0.00000e+00
7.32064e-01,1.00016e+00,1.00012e+00,1.01462e+00,7.82648e-01,0.00000e+00
7.32064e-01,1.00016e+00,1.00012e+00,1.01462e+00,7.82648e-01,0.00000e+00
7.32064e-01,1.00015e+00,1.00011e+00,1.01529e+00,7.82648e-01,0.00000e+00
7.32064e-01,1.00015e+00,1.00011e+00,1.01533e+00,7.82648e-01,0.00000e+00
7.32064e-01,1.00015e+00,1.00011e+00,1.01533e+00,7.82648e-01,0.00000e+00
7.32064e-01,1.00015e+00,1.00011e+00,1.01534e+00,7.82648e-01,0.00000e+00
7.32064e-01,1.00015e+00,1.00011e+00,1.01535e+00,7.82648e-01,0.00000e+00
7.32064e-01,1.00012e+00,1.00008e+00,1.01453e+00,7.82648e-01,0.00000e+00
7.32064e-01,1.00013e+00,1.00009e+00,1.01453e+00,7.82648e-01,0.00000e+00
7.32064e-01,1.00013e+00,1.00009e+00,1.01453e+00,7.82648e-01,0.00000e+00
7.32064e-01,1.00013e+00,1.00009e+00,1.01453e+00,7.82648e-01,0.00000e+00
7.32064e-01,1.00013e+00,1.00009e+00,1.01453e+00,7.82648e-01,0.00000e+00
7.32064e-01,1.00013e+00,1.00009e+00,1.01453e+00,7.82648e-01,0.00000e+00
7.32064e-01,1.00013e+00,1.00009e+00,1.01453e+00,7.82648e-01,0.00000e+00
7.32064e-01,1.00013e+00,1.00009e+00,1.01453e+00,7.82648e-01,0.00000e+00
7.32064e-01,1.00013e+00,1.00009e+00,1.01453e+00,7.82648e-01,0.00000e+00
7.32064e-01,1.00013e+00,1.00009e+00,1.01453e+00,7.82648e-01,0.00000e+00
7.32064e-01,1.00013e+00,1.00009e+00,1.01453e+00,7.82648e-01,0.00000e+00
7.32064e-01,1.00028e+00,1.00023e+00,1.01970e+00,7.82648e-01,0.00000e+00
7.32064e-01,1.06379e+00,1.06393e+00,1.01456e+00,7.82648e-01,0.00000e+00
7.32064e-01,1.01555e+00,1.00005e+00,6.50316e+00,7.82648e-01,0.00000e+00
7.32064e-01,1.01555e+00,1.00005e+00,6.50316e+00,7.82648e-01,0.00000e+00
7.32064e-01,1.01555e+00,1.00005e+00,6.50316e+00,7.82648e-01,0.00000e+00
7.32064e-01,1.01555e+00,1.00005e+00,6.50316e+00,7.82648e-01,0.00000e+00
7.32064e-01,1.01555e+00,1.00005e+00,6.50316e+00,7.82648e-01,0.00000e+00
7.32064e-01,1.01555e+00,1.00005e+00,6.50316e+00,7.82648e-01,0.00000e+00
7.32064e-01,1.01555e+00,1.00005e+00,6.50316e+00,7.82648e-01,0.00000e+00
7.32064e-01,1.01555e+00,1.00005e+00,6.50316e+00,7.82648e-01,0.00000e+00
7.32064e-01,1.01555e+00,1.00005e+00,6.50316e+00,7.82648e-01,0.00000e+00
7.32064e-01,1.01555e+00,1.00005e+00,6.50316e+00,7.82648e-01,0.00000e+00
7.32064e-01,1.01555e+00,1.00005e+00,6.50316e+00,7.82648e-01,0.00000e+00
7.32064e-01,1.01555e+00,1.00005e+00,6.50316e+00,7.82648e-01,0.00000e+00
7.32064e-01,1.01555e+00,1.00005e+00,6.50316e+00,7.82648e-01,0.00000e+00
7.32064e-01,1.01555e+00,1.00005e+00,6.50316e+00,7.82648e-01,0.00000e+00
7.32064e-01,1.01555e+00,1.00005e+00,6.50316e+00,7.82648e-01,0.00000e+00
7.32064e-01,1.01555e+00,1.00005e+00,6.50319e+00,7.82648e-01,0.00000e+00
7.32064e-01,1.01555e+00,1.00005e+00,6.50323e+00,7.82648e-01,0.00000e+00
7.32064e-01,1.01555e+00,1.00005e+00,6.50399e+00,7.82648e-01,0.00000e+00
7.32064e-01,1.01997e+00,1.00005e+00,8.07162e+00,7.82648e-01,0.00000e+00
7.32064e-01,1.02000e+00,1.00005e+00,8.08410e+00,7.82648e-01,0.00000e+00
7.32064e-01,9.65588e+00,1.00005e+00,3.07464e+03,7.82648e-01,0.00000e+00
7.32064e-01,1.00012e+00,1.00008e+00,1.01453e+00,7.82648e-01,0.00000e+00
7.32064e-01,1.71025e+00,1.71221e+00,1.01486e+00,7.82648e-01,0.00000e+00
7.32064e-01,1.98098e+02,9.99649e-01,6.99896e+04,7.82648e-01,0.00000e+00
7.32064e-01,3.60663e+02,9.99651e-01,1.27716e+05,7.82648e-01,0.00000e+00
7.32064e-01,5.06372e+02,9.99652e-01,1.79456e+05,7.82648e-01,0.00000e+00
7.32064e-01,5.06387e+02,9.99652e-01,1.79462e+05,7.82648e-01,0.00000e+00
7.32064e-01,5.06402e+02,9.99652e-01,1.79467e+05,7.82648e-01,0.00000e+00
7.32064e-01,5.10727e+02,5.32252e+00,1.79472e+05,7.82648e-01,0.00000e+00
7.32064e-01,5.06431e+02,9.99652e-01,1.79477e+05,7.82648e-01,0.00000e+00
7.32064e-01,5.07113e+02,9.99652e-01,1.79719e+05,7.82648e-01,0.00000e+00
7.32064e-01,5.06744e+02,9.99652e-01,1.79588e+05,7.82648e-01,0.00000e+00
7.32064e-01,5.06577e+02,9.99652e-01,1.79529e+05,7.82648e-01,0.00000e+00
7.32064e-01,5.06503e+02,9.99652e-01,1.79503e+05,7.82648e-01,0.00000e+00
7.32064e-01,5.06471e+02,9.99652e-01,1.79491e+05,7.82648e-01,0.00000e+00
7.32064e-01,5.07928e+02,9.99652e-01,1.80009e+05,7.82648e-01,0.00000e+00
7.32064e-01,5.09309e+02,9.99652e-01,1.80499e+05,7.82648e-01,0.00000e+00
7.32064e-01,5.22611e+02,9.99652e-01,1.85222e+05,7.82648e-01,0.00000e+00
7.32064e-01,5.35780e+02,9.99652e-01,1.89899e+05,7.82648e-01,0.00000e+00
7.32064e-01,8.34217e+02,2.87430e+02,1.94449e+05,7.82648e-01,0.00000e+00
7.32064e-01,6.88643e+02,9.99653e-01,2.44180e+05,7.82648e-01,0.00000e+00
7.32064e-01,8.16195e+02,9.99653e-01,2.89473e+05,7.82648e-01,0.00000e+00
7.32064e-01,1.38261e+09,1.04136e+09,1.22217e+11,7.82648e-01,0.00000e+00
7.32064e-01,3.64299e+08,1.99585e+07,1.22294e+11,7.82648e-01,0.00000e+00
7.32064e-01,1.48818e+11,1.99246e+07,5.28375e+13,7.82648e-01,0.00000e+00
7.32064e-01,1.83537e+14,1.83890e+14,5.83491e+13,7.82648e-01,0.00000e+00
7.32064e-01,3.82103e+14,3.83017e+14,5.83668e+13,7.82648e-01,0.00000e+00
7.32064e-01,7.43631e+14,7.45569e+14,5.72807e+13,7.82648e-01,0.00000e+00
7.32064e-01,1.26441e+15,1.26782e+15,5.57422e+13,7.82648e-01,0.00000e+00
7.32064e-01,2.36204e+15,2.36857e+15,5.22502e+13,7.82648e-01,0.00000e+00
7.32064e-01,3.74595e+15,3.75640e+15,4.69352e+13,7.82648e-01,0.00000e+00
7.32064e-01,8.43720e+23,3.55383e+15,2.99601e+26,7.82648e-01,0.00000e+00
7.32064e-01,5.91758e+28,5.93418e+28,4.05315e+26,7.82648e-01,0.00000e+00
7.32064e-01,1.29950e+29,1.30316e+29,3.99769e+26,7.82648e-01,0.00000e+00
7.32064e-01,       nan,       nan,       nan,7.82648e-01,       nan
7.32064e-01,       nan,       nan,       nan,7.82648e-01,       nan
7.32064e-01,       nan,       nan,       nan,7.82648e-01,       nan
7.32064e-01,       nan,       nan,       nan,7.82648e-01,       nan
7.32064e-01,       nan,       nan,       nan,7.82648e-01,       nan
7.33064e-01,       nan,       nan,       nan,7.79259e-01,       nan
7.34064e-01,       nan,       nan,       nan,7.75844e-01,       nan
7.35064e-01,       nan,       nan,       nan,7.72404e-01,       nan
7.36064e-01,       nan,       nan,       nan,7.68940e-01,       nan
7.37064e-01,       nan,       nan,       nan,7.65453e-01,       nan
7.38064e-01,       nan,       nan,       nan,7.61944e-01,       nan
7.39064e-01,       nan,       nan,       nan,7.58415e-01,       nan
7.40064e-01,       nan,       nan,       nan,7.54865e-01,       nan
7.41064e-01,       nan,       nan,       nan,7.51296e-01,       nan
7.42064e-01,       nan,       nan,       nan,7.47709e-01,       nan
7.43064e-01,       nan,       nan,       nan,7.44103e-01,       nan
7.44064e-01,       nan,       nan,       nan,7.40480e-01,       nan
7.45064e-01,       nan,       nan,       nan,7.36840e-01,       nan
7.46064e-01,       nan,       nan,       nan,7.33180e-01,       nan
7.47064e-01,       nan,       nan,       nan,7.29482e-01,       nan
7.48064e-01,       nan,       nan,       nan,7.25748e-01,       nan
7.49064e-01,       nan,       nan,       nan,7.21983e-01,       nan
7.50064e-01,       nan,       nan,       nan,7.18189e-01,       nan
7.51064e-01,       nan,       nan,       nan,7.14369e-01,       nan
7.52064e-01,       nan,       nan,       nan,7.10523e-01,       nan
7.53064e-01,       nan,       nan,       nan,7.06653e-01,       nan
7.54064e-01,       nan,       nan,       nan,7.02759e-01,       nan
7.55064e-01,       nan,       nan,       nan,6.98842e-01,       nan
7.56064e-01,       nan,       nan,       nan,6.94904e-01,       nan
7.57064e-01,       nan,       nan,       nan,6.90946e-01,       nan
7.58064e-01,       nan,       nan,       nan,6.86968e-01,       nan
7.59064e-01,       nan,       nan,       nan,6.82970e-01,       nan
7.60064e-01,       nan,       nan,       nan,6.78955e-01,       nan
7.61064e-01,       nan,       nan,       nan,6.74922e-01,       nan
7.62064e-01,       nan,       nan,       nan,6.70872e-01,       nan
7.63064e-01,       nan,       nan,       nan,6.66805e-01,       nan
7.64064e-01,       nan,       nan,       nan,6.62722e-01,       nan
7.65064e-01,       nan,       nan,       nan,6.58623e-01,       nan
7.66064e-01,       nan,       nan,       nan,6.54502e-01,       nan
7.67064e-01,       nan,       nan,       nan,6.50347e-01,       nan
7.68064e-01,       nan,       nan,       nan,6.46161e-01,       nan
7.69064e-01,       nan,       nan,       nan,6.41947e-01,       nan
7.70064e-01,       nan,       nan,       nan,6.37705e-01,       nan
7.71064e-01,       nan,       nan,       nan,6.33438e-01,       nan
7.72064e-01,       nan,       nan,       nan,6.29145e-01,       nan
7.73064e-01,       nan,       nan,       nan,6.24829e-01,       nan
7.74064e-01,       nan,       nan,       nan,6.20490e-01,       nan
7.75064e-01,       nan,       nan,       nan,6.16129e-01,       nan
7.76064e-01,       nan,       nan,       nan,6.11747e-01,       nan
7.77064e-01,       nan,       nan,       nan,6.07345e-01,       nan
7.78064e-01,       nan,       nan,       nan,6.02923e-01,       nan
7.79064e-01,       nan,       nan,       nan,5.98484e-01,       nan
7.80064e-01,       nan,       nan,       nan,5.94027e-01,       nan
7.81064e-01,       nan,       nan,       nan,5.89551e-01,       nan
7.82064e-01,       nan,       nan,       nan,5.85058e-01,       nan
7.83064e-01,       nan,       nan,       nan,5.80548e-01,       nan
7.84064e-01,       nan,       nan,       nan,5.76007e-01,       nan
7.85064e-01,       nan,       nan,       nan,5.71428e-01,       nan
7.86064e-01,       nan,       nan,       nan,5.66819e-01,       nan
7.87064e-01,       nan,       nan,       nan,5.62181e-01,       nan
7.88064e-01,       nan,       nan,       nan,5.57515e-01,       nan
7.89064e-01,       nan,       nan,       nan,5.52823e-01,       nan
7.90064e-01,       nan,       nan,       nan,5.48106e-01,       nan
7.91064e-01,       nan,       nan,       nan,5.43365e-01,       nan
7.92064e-01,       nan,       nan,       nan,5.38602e-01,       nan
7.93064e-01,       nan,       nan,       nan,5.33816e-01,       nan
7.94064e-01,       nan,       nan,       nan,5.29010e-01,       nan
7.95064e-01,       nan,       nan,       nan,5.24185e-01,       nan
7.96064e-01,       nan,       nan,       nan,5.19340e-01,       nan
7.97064e-01,       nan,       nan,       nan,5.14464e-01,       nan
7.98064e-01,       nan,       nan,       nan,5.09556e-01,       nan
7.99064e-01,       nan,       nan,       nan,5.04616e-01,       nan
8.00064e-01,       nan,       nan,       nan,4.99646e-01,       nan
8.01064e-01,       nan,       nan,       nan,4.94646e-01,       nan
8.02064e-01,       nan,       nan,       nan,4.89618e-01,       nan
8.03064e-01,       nan,       nan,       nan,4.84562e-01,       nan
8.04064e-01,       nan,       nan,       nan,4.79479e-01,       nan
8.05064e-01,       nan,       nan,       nan,4.74369e-01,       nan
8.06064e-01,       nan,       nan,       nan,4.69238e-01,       nan
8.07064e-01,       nan,       nan,       nan,4.64086e-01,       nan
8.08064e-01,       nan,       nan,       nan,4.58914e-01,       nan
8.09064e-01,       nan,       nan,       nan,4.53723e-01,       nan
8.10064e-01,       nan,       nan,       nan,4.48514e-01,       nan
8.11064e-01,       nan,       nan,       nan,4.43286e-01,       nan
8.12064e-01,       nan,       nan,       nan,4.38040e-01,       nan
8.13064e-01,       nan,       nan,       nan,4.32777e-01,       nan
8.14064e-01,       nan,       nan,       nan,4.27498e-01,       nan
8.15064e-01,       nan,       nan,       nan,4.22202e-01,       nan
8.16064e-01,       nan,       nan,       nan,4.16891e-01,       nan
8.17064e-01,       nan,       nan,       nan,4.11564e-01,       nan
8.18064e-01,       nan,       nan,       nan,4.06223e-01,       nan
8.19064e-01,       nan,       nan,       nan,4.00868e-01,       nan
8.20064e-01,       nan,       nan,       nan,3.95500e-01,       nan
8.21064e-01,       nan,       nan,       nan,3.90119e-01,       nan
8.22064e-01,       nan,       nan,       nan,3.84726e-01,       nan
8.23064e-01,       nan,       nan,       nan,3.79322e-01,       nan
8.24064e-01,       nan,       nan,       nan,3.73908e-01,       nan
8.25064e-01,       nan,       nan,       nan,3.68484e-01,       nan
8.26064e-01,       nan,       nan,       nan,3.63051e-01,       nan
8.27064e-01,       nan,       nan,       nan,3.57611e-01,       nan
8.28064e-01,       nan,       nan,       nan,3.52163e-01,       nan
8.29064e-01,       nan,       nan,       nan,3.46709e-01,       nan
8.30064e-01,       nan,       nan,       nan,3.41250e-01,       nan
8.31064e-01,       nan,       nan,       nan,3.35785e-01,       nan
8.32064e-01,       nan,       nan,       nan,3.30315e-01,       nan
8.33064e-01,       nan,       nan,       nan,3.24841e-01,       nan
8.34064e-01,       nan,       nan,       nan,3.19361e-01,       nan
8.35064e-01,       nan,       nan,       nan,3.13877e-01,       nan
8.36064e-01,       nan,       nan,       nan,3.08387e-01,       nan
8.37064e-01,       nan,       nan,       nan,3.02893e-01,       nan
8.38064e-01,       nan,       nan,       nan,2.97391e-01,       nan
8.39064e-01,       nan,       nan,       nan,2.91884e-01,       nan
8.40064e-01,       nan,       nan,       nan,2.86372e-01,       nan
8.41064e-01,       nan,       nan,       nan,2.80856e-01,       nan
8.42064e-01,       nan,       nan,       nan,2.75334e-01,       nan
8.43064e-01,       nan,       nan,       nan,2.69807e-01,       nan
8.44064e-01,       nan,       nan,       nan,2.64274e-01,       nan
8.45064e-01,       nan,       nan,       nan,2.58733e-01,       nan
8.46064e-01,       nan,       nan,       nan,2.53186e-01,       nan
8.47064e-01,       nan,       nan,       nan,2.47638e-01,       nan
8.48064e-01,       nan,       nan,       nan,2.42091e-01,       nan
8.49064e-01,       nan,       nan,       nan,2.36543e-01,       nan
8.50064e-01,       nan,       nan,       nan,2.30996e-01,       nan
8.51064e-01,       nan,       nan,       nan,2.25448e-01,       nan
8.52064e-01,       nan,       nan,       nan,2.19901e-01,       nan
8.53064e-01,       nan,       nan,       nan,2.14354e-01,       nan
8.54064e-01,       nan,       nan,       nan,2.08806e-01,       nan
8.55064e-01,       nan,       nan,       nan,2.03259e-01,       nan
8.56064e-01,       nan,       nan,       nan,1.97711e-01,       nan
8.57064e-01,       nan,       nan,       nan,1.92164e-01,       nan
8.58064e-01,       nan,       nan,       nan,1.86616e-01,       nan
8.59064e-01,       nan,       nan,       nan,1.81069e-01,       nan
8.60064e-01,       nan,       nan,       nan,1.75522e-01,       nan
8.61064e-01,       nan,       nan,       nan,1.69974e-01,       nan
8.62064e-01,       nan,       nan,       nan,1.64427e-01,       nan
8.63064e-01,       nan,       nan,       nan,1.58879e-01,       nan
8.64064e-01,       nan,       nan,       nan,1.53332e-01,       nan
8.65064e-01,       nan,       nan,       nan,1.47784e-01,       nan
8.66064e-01,       nan,       nan,       nan,1.42237e-01,       nan
8.67064e-01,       nan,       nan,       nan,1.36689e-01,       nan
8.68064e-01,       nan,       nan,       nan,1.31152e-01,       nan
8.69064e-01,       nan,       nan,       nan,1.25634e-01,       nan
8.70064e-01,       nan,       nan,       nan,1.20135e-01,       nan
8.71064e-01,       nan,       nan,       nan,1.14654e-01,       nan
8.72064e-01,       nan,       nan,       nan,1.09190e-01,       nan
8.73064e-01,       nan,       nan,       nan,1.03743e-01,       nan
8.74064e-01,       nan,       nan,       nan,9.83110e-02,       nan
8.75064e-01,       nan,       nan,       nan,9.28938e-02,       nan
8.76064e-01,       nan,       nan,       nan,8.74906e-02,       nan
8.77064e-01,       nan,       nan,       nan,8.21013e-02,       nan
8.78064e-01,       nan,       nan,       nan,7.67253e-02,       nan
8.79064e-01,       nan,       nan,       nan,7.13626e-02,       nan
8.80064e-01,       nan,       nan,       nan,6.60127e-02,       nan
8.81064e-01,       nan,       nan,       nan,6.06753e-02,       nan
8.82064e-01,       nan,       nan,       nan,5.53628e-02,       nan
8.83064e-01,       nan,       nan,       nan,5.00958e-02,       nan
8.84064e-01,       nan,       nan,       nan,4.48721e-02,       nan
8.85064e-01,       nan,       nan,       nan,3.96900e-02,       nan
8.86064e-01,       nan,       nan,       nan,3.45474e-02,       nan
8.87064e-01,       nan,       nan,       nan,2.94427e-02,       nan
8.88064e-01,       nan,       nan,       nan,2.43739e-02,       nan
8.89064e-01,       nan,       nan,       nan,1.93390e-02,       nan
8.90064e-01,       nan,       nan,       nan,1.43544e-02,       nan
8.91064e-01,       nan,       nan,       nan,9.42695e-03,       nan
8.92064e-01,       nan,       nan,       nan,4.50562e-03,       nan
8.93064e-01,       nan,       nan,       nan,7.72210e-04,       nan
8.94064e-01,       nan,       nan,       nan,3.49643e-04,       nan
8.95064e-01,       nan,       nan,       nan,8.51106e-05,       nan
8.96064e-01,       nan,       nan,       nan,1.19711e-13,       nan
8.97064e-01,       nan,       nan,       nan,1.19711e-13,       nan
8.98064e-01,       nan,       nan,       nan,1.19711e-13,       nan
8.99064e-01,       nan,       nan,       nan,1.19711e-13,       nan
9.00064e-01,       nan,       nan,       nan,1.19710e-13,       nan
9.01064e-01,       nan,       nan,       nan,1.19710e-13,       nan
9.02064e-01,       nan,       nan,       nan,1.19710e-13,       nan
9.03064e-01,       nan,       nan,       nan,1.19710e-13,       nan
9.04064e-01,       nan,       nan,       nan,1.19709e-13,       nan
9.05064e-01,       nan,       nan,       nan,1.19709e-13,       nan
9.06064e-01,       nan,       nan,       nan,1.19709e-13,       nan
9.07064e-01,       nan,       nan,       nan,1.19709e-13,       nan
9.08064e-01,       nan,       nan,       nan,1.19708e-13,       nan
9.09064e-01,       nan,       nan,       nan,1.19708e-13,       nan
9.10064e-01,       nan,       nan,       nan,1.19707e-13,       nan
9.11064e-01,       nan,       nan,       nan,1.19707e-13,       nan
9.12064e-01,       nan,       nan,       nan,1.19706e-13,       nan
9.13064e-01,       nan,       nan,       nan,1.19706e-13,       nan
9.14064e-01,       nan,       nan,       nan,1.19705e-13,       nan
9.15064e-01,       nan,       nan,       nan,1.19705e-13,       nan
9.16064e-01,       nan,       nan,       nan,1.19703e-13,       nan
9.17064e-01,       nan,       nan,       nan,1.19703e-13,       nan
9.18064e-01,       nan,       nan,       nan,1.19701e-13,       nan
9.19064e-01,       nan,       nan,       nan,1.19701e-13,       nan
9.20064e-01,       nan,       nan,       nan,1.19699e-13,       nan
9.21064e-01,       nan,       nan,       nan,1.19699e-13,       nan
9.22064e-01,       nan,       nan,       nan,1.19697e-13,       nan
9.23064e-01,       nan,       nan,       nan,1.19697e-13,       nan
9.24064e-01,       nan,       nan,       nan,1.19695e-13,       nan
9.25064e-01,       nan,       nan,       nan,1.19695e-13,       nan
9.26064e-01,       nan,       nan,       nan,1.19692e-13,       nan
9.27064e-01,       nan,       nan,       nan,1.19692e-13,       nan
9.28064e-01,       nan,       nan,       nan,1.19689e-13,       nan
9.29064e-01,       nan,       nan,       nan,1.19689e-13,       nan
9.30064e-01,       nan,       nan,       nan,1.19686e-13,       nan
9.31064e-01,       nan,       nan,       nan,1.19686e-13,       nan
9.32064e-01,       nan,       nan,       nan,1.19682e-13,       nan
9.33064e-01,       nan,       nan,       nan,1.19682e-13,       nan
9.34064e-01,       nan,       nan,       nan,1.19679e-13,       nan
9.35064e-01,       nan,       nan,       nan,1.19679e-13,       nan
9.36064e-01,       nan,       nan,       nan,1.19674e-13,       nan
9.37064e-01,       nan,       nan,       nan,1.19674e-13,       nan
9.38064e-01,       nan,       nan,       nan,1.19670e-13,       nan
9.39064e-01,       nan,       nan,       nan,1.19670e-13,       nan
9.40064e-01,       nan,       nan,       nan,1.19665e-13,       nan
9.41064e-01,       nan,       nan,       nan,1.19665e-13,       nan
9.42064e-01,       nan,       nan,       nan,1.19660e-13,       nan
9.43064e-01,       nan,       nan,       nan,1.19660e-13,       nan
9.44064e-01,       nan,       nan,       nan,1.19654e-13,       nan
9.45064e-01,       nan,       nan,       nan,1.19654e-13,       nan
9.46064e-01,       nan,       nan,       nan,1.19648e-13,       nan
9.47064e-01,       nan,       nan,       nan,1.19648e-13,       nan
9.48064e-01,       nan,       nan,       nan,1.19642e-13,       nan
9.49064e-01,       nan,       nan,       nan,1.19642e-13,       nan
9.50064e-01,       nan,       nan,       nan,1.19635e-13,       nan
9.51064e-01,       nan,       nan,       nan,1.19635e-13,       nan
9.52064e-01,       nan,       nan,       nan,1.19627e-13,       nan
9.53064e-01,       nan,       nan,       nan,1.19627e-13,       nan
9.54064e-01,       nan,       nan,       nan,1.19620e-13,       nan
9.55064e-01,       nan,       nan,       nan,1.19620e-13,       nan
9.56064e-01,       nan,       nan,       nan,1.19611e-13,       nan
9.57064e-01,       nan,       nan,       nan,1.19611e-13,       nan
9.58064e-01,       nan,       nan,       nan,1.19602e-13,       nan
9.59064e-01,       nan,       nan,       nan,1.19602e-13,       nan
9.60064e-01,       nan,       nan,       nan,1.19593e-13,       nan
9.61064e-01,       nan,       nan,       nan,1.19593e-13,       nan
9.62064e-01,       nan,       nan,       nan,1.19583e-13,       nan
9.63064e-01,       nan,       nan,       nan,1.19583e-13,       nan
9.64064e-01,       nan,       nan,       nan,1.19572e-13,       nan
9.65064e-01,       nan,       nan,       nan,1.19572e-13,       nan
9.66064e-01,       nan,       nan,       nan,1.19561e-13,       nan
9.67064e-01,       nan,       nan,       nan,1.19561e-13,       nan
9.68064e-01,       nan,       nan,       nan,1.19549e-13,       nan
9.69064e-01,       nan,       nan,       nan,1.19549e-13,       nan
9.70064e-01,       nan,       nan,       nan,1.19536e-13,       nan
9.71064e-01,       nan,       nan,       nan,1.19536e-13,       nan
9.72064e-01,       nan,       nan,       nan,1.19523e-13,       nan
9.73064e-01,       nan,       nan,       nan,1.19523e-13,       nan
9.74064e-01,       nan,       nan,       nan,1.19509e-13,       nan
9.75064e-01,       nan,       nan,       nan,1.19509e-13,       nan
9.76064e-01,       nan,       nan,       nan,1.19494e-13,       nan
9.77064e-01,       nan,       nan,       nan,1.19494e-13,       nan
9.78064e-01,       nan,       nan,       nan,1.19479e-13,       nan
9.79064e-01,       nan,       nan,       nan,1.19479e-13,       nan
9.80064e-01,       nan,       nan,       nan,1.19463e-13,       nan
9.81064e-01,       nan,       nan,       nan,1.19463e-13,       nan
9.82064e-01,       nan,       nan,       nan,1.19446e-13,       nan
9.83064e-01,       nan,       nan,       nan,1.19446e-13,       nan
9.84064e-01,       nan,       nan,       nan,1.19428e-13,       nan
9.85064e-01,       nan,       nan,       nan,1.19428e-13,       nan
9.86064e-01,       nan,       nan,       nan,1.19409e-13,       nan
9.87064e-01,       nan,       nan,       nan,1.19409e-13,       nan
9.88064e-01,       nan,       nan,       nan,1.19389e-13,       nan
9.89064e-01,       nan,       nan,       nan,1.19389e-13,       nan
9.90064e-01,       nan,       nan,       nan,1.19369e-13,       nan
9.91064e-01,       nan,       nan,       nan,1.19369e-13,       nan
9.92064e-01,       nan,       nan,       nan,1.19347e-13,       nan
9.93064e-01,       nan,       nan,       nan,1.19347e-13,       nan
9.94064e-01,       nan,       nan,       nan,1.19324e-13,       nan
9.95064e-01,       nan,       nan,       nan,1.19324e-13,       nan
9.96064e-01,       nan,       nan,       nan,1.19301e-13,       nan
9.97064e-01,       nan,       nan,       nan,1.19301e-13,       nan
9.98064e-01,       nan,       nan,       nan,1.19276e-13,       nan
9.99064e-01,       nan,       nan,       nan,1.19276e-13,       nan
